Entry,ZM00150402,ZM00148112,ZM00145680,ZM00145534,ZM00146719,ZM00148521,ZM00145440,ZM00146724,ZM00147569,ZM00149514,ZM00145320,ZM00146003,ZM00147122,ZM00145610,ZM00149380,ZM00145459,ZM00145855,ZM00145609,ZM00145942,ZM00149658,ZM00146443,ZM00149932,ZM00145728,ZM00151604,ZM00149572,ZM00145932,ZM00148545,ZM00147201,ZM00145918,ZM00150815,ZM00146706,ZM00145792,ZM00146155,ZM00151124,ZM00150142,ZM00148777,ZM00147536,ZM00150686,ZM00148075,ZM00151189,ZM00145659,ZM00150195,ZM00149054,ZM00150077,ZM00145332,ZM00146998,ZM00151177,ZM00146780,ZM00148225,ZM00149291,ZM00151554,ZM00145887,ZM00147944,ZM00149128,ZM00147397,ZM00146756,ZM00147752,ZM00146026,ZM00149298,ZM00145720,ZM00149430,ZM00150198,ZM00145490,ZM00146238,ZM00150974,ZM00147493,ZM00145731,ZM00148508,ZM00149841,ZM00145830,ZM00148105,ZM00146174,ZM00147008,ZM00145843,ZM00151025,ZM00150834,ZM00146736,ZM00149548,ZM00145637,ZM00151090,ZM00145538,ZM00146275,ZM00148793,ZM00149199,ZM00149897,ZM00148930,ZM00151046,ZM00147407,ZM00145296,ZM00151120,ZM00146946,ZM00151279,ZM00148356,ZM00146830,ZM00145689,ZM00149150,ZM00147512,ZM00151228,ZM00150712,ZM00151578,ZM00150848,ZM00148887,ZM00146791,ZM00149487,ZM00151059,ZM00149735,ZM00145474,ZM00151679,ZM00150319,ZM00150248,ZM00146836,ZM00149673,ZM00149243,ZM00148614,ZM00147873,ZM00148444,ZM00151640,ZM00150826,ZM00146035,ZM00146139,ZM00147513,ZM00146956,ZM00147212,ZM00146582,ZM00148041,ZM00151067,ZM00151545,ZM00147285,ZM00146298,ZM00146166,ZM00147746,ZM00146103,ZM00147604,ZM00147580,ZM00147590,ZM00146430,ZM00148270,ZM00151129,ZM00147143,ZM00151345,ZM00149733,ZM00147613,ZM00146709,ZM00145871,ZM00147965,ZM00148363,ZM00150891,ZM00151343,ZM00148195,ZM00147942,ZM00146330,ZM00148307,ZM00149832,ZM00148345,ZM00148799,ZM00145699,ZM00151391,ZM00151380,ZM00149463,ZM00146212,ZM00148516,ZM00150966,ZM00148261,ZM00149775,ZM00150318,ZM00149351,ZM00150104,ZM00151283,ZM00146727,ZM00148950,ZM00151633,ZM00146341,ZM00145519,ZM00147620,ZM00146744,ZM00147275,ZM00151111,ZM00149419,ZM00150597,ZM00148501,ZM00148125,ZM00145873,ZM00150562,ZM00151209,ZM00149279,ZM00147112,ZM00147240,ZM00145356,ZM00149450,ZM00148893,ZM00145867
1,CG,CC,TT,GT,GG,TC,GG,??,AT,CC,TG,GT,TT,GG,CC,TG,GT,AC,TA,CA,AC,CC,AA,AA,CG,AC,TA,AA,AG,TC,GG,CA,TC,TT,CC,CC,GA,CC,CT,CA,AA,CG,AC,TG,TT,AA,CT,CA,TT,CT,GA,CC,CG,TC,AA,AA,GG,GA,GT,GC,GA,AA,CC,AT,AG,TT,TT,GC,TG,TT,CT,AA,AA,AT,AG,TC,CC,AC,GA,AA,GG,GG,CT,GG,CA,GG,GG,GG,CC,TC,TA,GG,CC,CT,TG,CC,TT,TT,CT,AA,AG,GC,CG,CC,TT,CC,AG,GG,CC,TT,CC,GT,AA,CT,GT,GC,AA,CT,AA,AA,GG,AA,CC,CG,TG,CA,GA,GG,AA,CC,TG,GG,GC,CT,AC,TA,AA,TT,TT,AA,TT,AA,AA,AT,AG,CC,AG,TT,TA,AG,TA,TT,GG,AT,CT,CT,??,CG,TA,CG,TA,GG,AA,TA,GG,AA,TT,TT,GC,TT,CA,GG,CT,TC,AA,AG,GA,GG,CC,CG,AA,TT,CG,AT,CT,CC,TC,GT,TA,CG,GT
3,CG,CG,AA,GT,CC,CC,GC,GG,TT,CC,TG,GT,GT,GC,AA,TG,GT,AC,TA,CA,AC,TT,TT,AC,CG,AC,TA,GA,AG,CC,GA,CA,TC,TT,TC,TC,GA,AA,TT,CA,GG,GG,AC,TG,TA,AC,TT,AA,TA,CT,GA,CG,CC,TC,AA,TA,GG,GA,GT,GG,AA,CA,CG,AT,AG,GT,GT,CC,GG,CC,CT,TT,AA,AT,AG,CC,AA,AC,GA,CA,GC,CC,CT,GA,CA,AA,GG,GC,CT,TC,TA,GA,CC,CT,TG,CA,CC,TC,CT,CC,AG,CC,CG,AA,TT,CA,AG,AG,CT,TG,CG,GT,AC,TT,GT,GC,GA,CT,GG,AG,GC,AC,GG,GG,TG,AA,AA,GT,AC,CG,TG,GT,GC,TT,AA,TA,AT,GG,CC,AA,TA,AA,AC,AT,AA,CA,AG,GG,TA,GG,TA,TT,CC,AA,TT,CT,GA,CG,TA,CG,AA,AG,AT,AA,GG,AA,TT,TT,CC,GG,AA,GG,CT,TC,CC,GG,GA,TT,CC,CC,AT,AA,GG,TT,CT,CT,TT,TT,TT,CG,GT
4,CC,??,TA,GT,GC,TC,??,GG,AT,CG,TG,GG,GT,??,CA,GG,TT,AA,AA,CA,AC,CT,AT,AA,CG,CC,AA,GG,AG,TC,??,AA,TC,TT,TC,TC,GG,AA,CT,AA,GG,CG,AC,GG,TA,AC,TT,AA,??,??,AA,GG,CG,CC,AA,TT,GG,GA,GG,GC,GA,CA,CG,TT,AA,GT,GT,??,TG,TC,CT,TT,TA,TT,AG,TC,CA,AC,GA,CC,GC,GC,TT,??,AA,GG,GG,CC,CC,TT,TT,GG,CC,??,GG,CA,CC,TC,CC,AC,AG,GC,??,AA,TT,CA,AG,AA,CC,TT,CG,TT,CC,??,GT,CC,GA,TT,AA,AG,GC,AC,CG,CG,GG,CA,GA,TT,AA,CG,GG,GT,GG,TT,AA,TA,AA,TT,CC,AC,TA,AA,AC,TT,AA,CA,AG,GG,AA,GG,TT,GG,GC,AT,??,CC,GA,CG,TA,CG,AA,??,AT,TT,GG,AA,TT,TT,GC,GG,??,AA,CT,TT,AC,AG,GG,TT,CC,CG,AT,TA,CG,AA,CT,CT,TC,??,TT,GG,GT
5,GG,??,TT,TT,GC,TC,GC,GG,AT,CG,TT,GT,TT,GC,??,GG,GG,AA,AA,CC,AC,CT,AT,CC,CG,AC,TA,GA,GG,TC,GA,CC,TT,TT,TC,TC,AA,CC,CT,CC,AG,GG,CC,TG,AA,CC,CT,CA,TT,TT,GA,CC,CG,TC,AA,TA,AG,GA,TT,GC,GA,CA,CG,AT,AG,GT,GT,GC,TG,TC,CC,AT,AA,??,AG,TC,CA,??,GG,CA,GC,GC,CC,GA,CA,GA,TG,CC,CC,??,TA,GG,??,CC,TG,CA,TC,TC,??,AC,AA,GC,GG,CC,TT,AA,GG,AG,CT,TG,??,GT,AA,CT,GT,??,GA,CT,AG,AG,CC,AC,CG,CG,TG,CA,GA,TT,AC,GG,GG,TT,GC,CT,AC,TA,AA,TG,TT,AA,TT,AA,CC,AA,GG,CA,AG,TG,AA,AA,TA,??,GC,AT,CT,TT,GA,CC,AA,GG,AA,AG,AA,TA,GG,AA,TT,TT,GC,GG,CA,GG,CC,CC,AC,AG,AA,GT,CC,CG,AT,TA,GG,AT,CC,??,TC,GT,AA,CG,GT
6,CC,CG,TA,GT,GC,TT,CC,AG,TT,GG,GG,TT,GG,GC,CA,TT,TT,AA,TT,CA,AA,CC,TT,CC,GG,AA,TA,GA,GG,TT,GG,CA,CC,TT,TT,TT,AA,CC,CT,CC,GG,CG,AA,GG,AA,AA,CC,CA,TA,CC,GA,CC,CC,CC,CA,AA,AA,GG,GT,GG,GA,CA,CC,AA,AG,GT,??,GC,TG,TT,CC,??,AA,AT,AG,CC,CA,AC,GG,CC,GC,??,CT,GG,AA,AA,TT,CC,CT,TT,TA,GG,GG,CT,TT,CA,TC,TT,CC,AA,AA,GG,??,CC,AA,CC,AA,AA,CT,TT,CC,GG,AA,CT,TT,GG,GA,TT,AA,AG,GG,AC,CG,CC,GG,CC,AA,TT,AA,CC,GG,GT,GC,CC,AA,TT,AA,TT,TC,AA,TA,AA,AA,TT,AA,AA,AA,TG,AA,AG,TA,GG,CC,AA,CT,TT,AA,CC,AA,CG,TA,AG,AT,AA,CG,GA,??,TT,GC,TT,CC,GG,CT,TT,CC,GG,GG,GG,CC,CC,AT,AA,CG,TT,CT,CT,TC,TT,TA,CC,GG
7,??,CG,TA,GT,CC,??,CC,GG,AT,CG,TT,TT,TT,GC,AA,TG,??,??,AA,AA,CC,CT,AT,AA,CG,CC,TA,GA,GG,TC,GG,CC,CC,TT,TC,TC,GG,AA,??,??,AG,GG,AC,GG,TT,??,TT,AA,TT,??,GA,CG,CG,CC,AA,TA,AG,GA,GT,CC,AA,CA,GG,TT,AG,GT,GT,CC,GG,TC,CT,TT,AA,AT,AG,CC,CA,AA,GA,AA,GC,GC,TT,GG,AA,GG,GG,??,??,TT,AA,AA,CC,TT,GG,CA,TT,CC,??,CC,AG,CC,??,CA,TT,CC,AG,AG,TT,GG,GG,TT,CC,TT,??,??,GA,CT,AG,AG,GC,AA,CG,GG,TG,AA,AA,GG,CC,CC,GG,TT,GG,CT,AC,TA,TT,TG,TC,CC,TA,AA,??,??,AG,AA,AG,TT,AA,AG,TA,GG,CC,AT,TT,CT,GA,CG,TA,GG,AA,AG,AT,AA,GG,AA,TT,TT,??,GG,AA,??,TT,CC,AC,GG,AA,GT,CC,GG,TT,TA,CG,TT,CC,CT,TC,TT,TA,CG,GT
8,CG,CC,TA,GT,GC,CC,GC,GG,TT,CG,GG,GT,GT,GG,CC,GG,TT,AC,TA,AA,AC,CT,AT,AC,CC,AA,AA,GA,AG,TC,AA,AA,CC,TT,TC,CC,GA,AA,CC,AA,AG,CG,AC,TG,TA,CC,CT,CA,TT,CT,AA,GG,CC,TC,AA,TA,AG,GA,GG,GC,GA,CA,CC,AT,GG,TT,GT,GC,TG,TC,TT,AT,AA,AA,AG,CC,CA,CC,AA,AA,GG,GC,TT,GG,CC,GA,TG,CC,CC,TC,AA,AA,CC,TT,TG,AA,CC,TC,CC,AC,GG,CC,CC,AA,TT,CA,AG,AG,TT,TG,GG,??,CC,TT,GT,GC,GA,CT,AG,GG,GC,CC,CG,CG,GG,AA,AA,GT,AC,CG,TG,GT,GC,TT,AA,TT,AT,TG,CC,AC,TT,AA,AC,TT,AA,CA,AG,TG,TA,GG,TA,TG,GC,AT,CC,CC,GA,GG,TA,CG,TA,AG,AA,TT,GG,AA,TT,TT,GC,GG,CA,GA,TT,TC,AC,AG,GG,GT,CC,CG,AT,TA,GG,AT,CC,CT,TC,GT,TT,CG,??
9,CG,CC,TA,GG,GC,TC,GG,GG,AT,CG,GG,GT,GT,GC,CA,TT,TT,AA,TA,CC,AC,CT,AT,AC,CC,AC,TA,GA,AG,TC,GA,CA,TT,TT,TT,TC,GA,CC,CT,AA,AG,CG,AA,TG,TA,AC,CT,CA,TT,CC,GA,CG,CG,TC,AA,TA,GG,GA,GT,GC,GA,CA,CG,AT,AG,GT,??,GC,TG,TC,TT,AT,AA,AA,AG,TC,CA,CC,GA,CA,GG,GC,CC,GA,CA,GA,TG,GC,CC,TT,TA,GA,CC,CC,TG,CA,TC,TC,CC,AC,GG,GC,CG,CC,TT,CA,AA,AG,CC,TT,CG,GG,AC,CC,GT,GC,GA,CT,AG,AG,GG,AC,CG,CG,TG,CA,GA,GT,AA,CG,TG,TT,GC,CT,AC,TA,AA,TG,TT,AC,TT,AA,AC,AT,AG,CC,AA,TG,??,AA,TT,TG,GC,AT,CT,CT,GG,CC,TT,CG,TA,AG,AA,TA,GG,AA,TT,CT,GC,GG,CA,GA,CT,TT,AC,AG,GA,GT,CC,CG,AT,TA,CC,AT,CT,CC,TT,GT,TA,CG,GG
10,GG,CG,TT,TT,GG,TT,CC,GG,AT,GG,TG,GT,GT,CC,CA,GG,TT,AC,TA,AA,AA,CC,AT,AC,CG,AC,TT,GG,AG,TC,AA,AA,CC,TT,TT,TT,GA,AA,CT,AA,AG,CC,CC,TG,AA,CC,CT,CC,TA,TT,GG,CG,GG,TC,AA,TA,AA,GA,GT,GC,GA,CA,GG,AT,GG,GG,GG,GC,TT,TT,TT,AA,AA,AA,AG,TC,CA,CC,GA,CA,GC,GG,CC,AA,CA,GG,TG,CC,CC,TT,TA,GA,CC,TT,TG,CA,TC,TT,CT,AA,GG,GC,CG,AA,TT,CA,GG,AG,CT,TG,CG,GT,CC,TT,GT,GG,GG,CT,GG,AG,GG,CC,CC,CC,TG,CC,GG,GT,AC,CC,TG,GG,GC,CT,CC,AA,TT,GG,CC,CC,TT,AA,AC,AT,AG,CA,AG,GG,TA,GG,AA,GG,GG,AT,CT,CT,AA,GG,AA,CG,TA,AA,AA,TA,??,AA,TT,TT,GC,GG,CA,AA,CC,TC,AA,AA,GA,GG,CC,CG,AA,TA,GG,AT,TT,CT,CC,GG,TA,CG,TT
11,??,CC,TA,GG,GC,TC,GC,GG,AT,CG,TG,GG,GG,??,CA,TT,GG,AA,AA,CC,AC,CT,AT,AA,CG,AC,TT,??,AG,TC,AA,CC,TT,??,CC,TC,GG,??,CT,CC,AG,CG,AA,TG,TT,AA,TT,CA,TA,??,GA,GG,CG,TC,AA,??,AG,AA,GG,GG,GA,AA,CG,AA,AA,GT,GT,GC,TT,TC,??,AT,AA,TT,GG,TC,CA,AA,GG,CA,GC,GC,TT,GA,CA,??,GG,??,CT,CC,TA,AA,GG,CC,TG,AA,CC,TC,CC,??,AA,CC,??,CA,TT,CC,AA,??,CT,TG,GG,GT,AC,??,TT,CC,AA,CT,AG,GG,CC,CC,CG,CC,TG,CA,GA,GG,AC,GG,GG,GT,CC,CT,AC,AA,TT,TG,TC,AA,TA,AA,AA,AA,AG,AA,AG,TG,AA,AG,TT,TG,GC,AA,CT,CT,GG,CC,TT,CG,AA,AG,AT,AA,GG,AA,TT,TT,GC,TT,??,??,TT,TT,AC,AG,GG,GT,CC,CC,AT,TA,CC,??,CT,TT,TC,GT,TA,CG,GG
12,CC,CG,TA,GG,CC,TC,GC,GG,TT,CC,GG,GT,GG,GC,AA,TT,TT,AC,TA,CA,AC,CT,AT,CC,CC,AC,TA,GG,AG,TT,GA,CA,TC,TT,TC,TC,AA,CC,CT,AA,AG,CG,AA,TT,TA,CC,TT,CA,TA,CC,GA,CC,GG,TC,AA,TT,AG,GA,TT,GC,GG,CA,GG,AT,AG,GT,GG,GC,TG,TC,TT,TT,AA,AT,AG,CC,CA,CC,GA,CC,GC,GC,CT,AA,CA,GA,GG,CC,CT,TT,TT,GG,CC,CT,TT,CC,TC,TC,CT,CC,GG,GG,GG,CC,TT,CA,AA,AA,CT,TG,CC,GT,AA,CT,TT,GC,GA,CC,AG,AG,GG,AC,CG,CG,TT,CA,GA,GT,AC,CG,TG,TT,GG,TT,CC,AA,AT,TG,TT,AA,AA,AA,CC,AT,GG,CA,AA,TG,TA,AA,TA,TT,CC,AT,CT,TT,GA,CG,TT,CG,AA,AA,AT,TA,GG,AA,TT,CC,GG,GG,CC,GG,TT,TC,AC,AG,AA,GG,CC,CG,TT,TA,CC,AT,TT,CC,TT,GT,AA,CG,GT
13,CG,CG,TT,GT,CC,TC,GC,GG,TT,CG,GG,GT,GT,GC,AA,GG,GT,AA,TA,CC,AA,CC,AT,CC,CG,AC,??,GA,GG,TT,GA,CC,TC,TT,CC,TC,AA,CA,CT,CA,AG,CC,AC,GG,TA,AC,CT,CA,TA,CT,GA,CG,GG,TC,AA,TA,AG,GA,TT,CC,GG,CA,GG,TT,AG,GT,GT,GG,GG,TT,CT,TT,AA,AT,AG,CC,CC,CC,GG,CA,GC,GG,CT,GA,CA,GG,TG,GC,CT,TC,TT,GA,GG,CC,GG,CC,TC,TC,CT,CC,AG,GG,GG,CA,TT,AA,AG,AG,CT,TG,CC,GT,AA,TT,GT,GC,GA,TT,AA,AG,GC,AC,CG,CG,GG,CA,GA,TT,AC,CG,TG,TT,CC,TT,CC,AA,AT,TG,TC,AA,TA,AA,CC,AA,GG,CA,AG,TG,TA,GG,TA,TT,CC,AT,CT,TT,GA,CC,TA,GG,TA,GG,AT,TA,GG,AA,TT,TT,GG,TT,CC,GG,CT,TC,AC,AG,AA,GT,CC,GG,TT,TT,GG,AT,TT,CT,TC,GT,AA,CG,GT
14,GG,CG,AA,GT,GG,TC,GC,GG,TT,CC,GG,GT,GG,GG,CC,TG,TT,AC,AA,CA,AC,TT,TT,AC,CG,CC,TA,GG,AG,TC,GA,CA,TC,TT,TC,TC,GA,CC,TT,AA,GG,CG,CC,TT,TA,AC,TT,CA,TA,TT,GA,CG,GG,CC,AA,TA,GG,GA,GT,GC,GA,CA,CC,AT,AG,GT,GG,GC,TG,CC,TT,AA,AA,AT,AG,CC,AA,CC,GA,CC,GC,CC,TT,GG,AA,AA,GG,GC,CT,TC,TT,AA,CC,CT,TT,CA,TC,TC,CT,AA,GG,GC,CG,CC,TT,CA,GG,AG,CT,TG,GG,TT,AA,CT,TT,GC,GA,CC,GG,AG,GC,AC,GG,CG,TG,CA,GA,GT,AC,CG,GG,GT,GG,TT,CC,TA,AT,GG,TT,AC,TA,AA,AC,AT,AG,CA,AA,GG,AA,AA,AA,TT,GG,AT,TT,CT,AA,CG,TA,CG,AA,AA,AT,AA,GG,AA,TT,TT,GC,GG,CA,GG,TT,CC,CC,AG,GA,GT,CC,CG,TT,AA,CG,AT,CT,CT,TT,GT,AA,GG,TT
15,GG,CG,TT,GG,GG,TT,GG,??,AT,CG,TG,TT,GT,GG,CC,TG,GT,CC,TA,AA,AC,CC,AT,AA,CC,AC,TT,GA,AG,TC,GA,AA,TC,TT,TC,TT,??,CA,CT,CA,AG,CC,AA,TT,TT,AC,CT,CC,TA,CC,GG,CG,CC,TC,AA,TA,AG,AA,GG,GC,GA,CA,CC,AT,AG,GG,??,GG,TT,TT,CT,AA,AA,AT,GG,TC,CC,AC,AA,AA,GC,GG,TT,GG,CA,GG,GG,GC,CT,TC,AA,GA,CC,TT,TT,CA,CC,TC,CT,AA,AG,GC,CC,CA,TT,CC,AA,AG,CC,TT,CG,GT,AC,CT,TT,GG,GA,CC,AA,AG,GC,AC,CC,CC,TT,CC,GG,GG,AA,CG,GG,GT,CC,CT,AA,TT,??,??,TC,AC,TA,AA,AA,TT,AA,CA,AA,TG,TA,AG,TT,TG,GG,AT,CT,CC,GG,GG,TT,CG,TA,AG,AT,AA,GG,AA,TT,TT,GG,GG,CA,GA,TT,CC,AA,AA,GG,GT,CC,CG,AT,TT,CG,AT,CC,CT,TC,GG,TT,CC,GT
16,CG,CG,TT,GT,GC,TC,GC,GG,TT,CG,TG,GT,TT,GC,CA,TG,GT,AC,TA,AA,CC,CT,AA,AA,CC,AC,TA,GA,AA,TC,GA,CA,CC,TT,TT,TC,GG,CA,CC,CA,AG,GG,AC,TG,TA,CC,CC,CA,AA,CT,GA,CC,CG,TC,AA,TT,AG,GA,GG,GC,GA,CA,CG,AA,AA,GT,GT,GC,TG,TT,CT,AT,AA,AT,AG,TC,CA,AC,GA,CC,CC,GG,CT,GA,CC,GG,TT,GC,TT,TC,TT,GG,CC,TT,TT,CC,TT,CC,CT,AC,AG,GC,CC,CA,TT,CA,AG,AA,CT,TG,CC,GG,AC,CT,GG,GG,AA,CC,AG,AA,GC,AC,CC,CG,TG,CA,GA,GT,AC,CG,TG,TT,GC,CT,AC,TA,AA,TG,TC,AA,AA,AA,AA,AT,AA,CA,AA,TG,TA,AG,TA,TT,GC,AT,CC,CC,GA,CG,TA,CC,TA,AG,TT,TT,GG,AA,TT,TT,GC,GG,CA,GG,CT,TC,AA,AG,GG,GT,CC,CG,TT,TA,CG,AT,CT,CT,TC,GT,TT,CG,GT
17,GG,CG,??,GG,GG,TC,GC,GG,AA,??,TT,GT,??,GG,CC,TT,GG,AC,TA,CA,??,TT,??,CC,??,AA,TA,GA,AG,??,GA,CA,TC,TT,??,??,AA,CA,CT,CC,GG,CG,AA,TG,TA,AC,CT,CA,TA,CC,GA,CG,??,TT,AA,TA,??,GA,TT,GC,GA,CA,CC,AT,??,GT,??,GC,??,TC,CC,AA,TA,??,AG,??,AA,??,GA,CA,GC,??,??,GG,CA,AA,TG,GC,CT,TT,TA,AA,CC,CT,TG,CA,TC,CC,CT,AA,??,??,GG,??,??,??,AA,AG,CT,TG,??,??,AC,CT,GT,??,GA,CT,??,??,GG,AA,??,CG,TG,CA,GA,GT,AC,CC,TG,TT,GG,CC,CC,??,AT,GG,TC,AC,TA,AA,CC,AT,??,CC,AG,GG,TA,AG,TT,TG,??,AT,CT,TT,GG,CG,TT,CG,??,??,AT,TA,GG,AA,TT,TT,GC,GG,CA,GA,CT,??,AC,AG,AA,TT,CC,??,AT,AA,CC,AT,TT,CC,TT,GT,AA,CG,GG
19,CC,??,TA,GG,??,??,GG,??,AT,CG,TG,??,GG,CC,AA,??,GT,AC,TA,AA,CC,CT,AT,CC,GG,CC,??,GG,??,CC,GA,CA,TC,TT,TC,TC,AA,AA,TT,CA,GG,GG,??,TG,??,CC,CC,CC,TA,CC,GA,CG,??,??,??,TT,??,GA,TT,GC,AA,CA,??,TT,AG,GT,GT,CC,??,TC,CT,TT,??,AT,AG,TC,CA,AC,GA,CC,GC,GC,CT,AA,AA,??,TT,CC,TT,TC,TA,GG,CC,CT,TG,CA,TC,CC,CT,CC,AG,GC,GG,AA,TT,AA,AA,??,??,TT,??,TT,??,TT,GG,GC,GA,CT,??,AG,GC,??,CG,GG,TG,??,GG,TT,AA,CG,TG,TT,GC,CT,CC,TA,AA,GG,CC,CC,TA,AA,CC,AT,GG,CC,GG,GG,TT,??,??,GG,??,??,??,??,??,??,TT,??,TT,AG,??,AA,GG,AA,TT,TT,??,??,AA,AA,??,TT,??,??,AA,TT,CC,CG,AT,TA,CG,AT,CT,CC,TC,GG,AA,GG,GG
20,CC,CG,TA,GT,??,CC,CC,GG,AT,CG,GG,TT,??,GG,CA,TG,TT,AC,TT,CA,CC,CT,??,AA,CG,AC,AA,AA,AG,CC,AA,AA,TC,TT,TC,CC,GG,CA,CT,AA,AG,GG,AC,TG,TT,AA,CC,AA,TT,??,AA,GG,CG,TC,AA,AA,??,GG,GG,CC,AA,CC,CG,??,GG,TT,GT,??,GG,TT,TT,AA,TA,??,AA,TC,CC,CC,AA,CA,GG,GC,CC,??,CA,GG,TT,GG,CC,TT,TA,GA,CC,CT,GG,AA,CC,TC,CC,CC,GG,CC,CG,CA,TT,CC,AG,GG,??,GG,??,GT,AC,??,GG,CC,AA,CT,AG,GG,GC,CC,CC,GG,TG,AA,AA,GG,CC,CG,TT,GT,GC,TT,AC,TT,TT,??,TC,AC,TT,AA,AA,TT,AG,CA,AG,TG,TT,AG,AA,TG,CC,TT,CT,CT,AA,GG,TA,CG,TT,??,AA,AA,GG,AA,TT,TT,CC,GG,??,GA,CC,CC,AA,GG,GG,GT,CC,GG,AT,TA,CG,??,CC,CT,TC,TT,TA,GG,??
21,??,GG,TA,GT,GC,TT,GC,GG,AA,CG,TT,GG,??,GC,CA,TG,GG,AC,TA,CA,CC,CT,AT,AC,CG,AC,TA,AA,AG,CC,GG,CA,TC,TT,TC,TT,GA,AA,CT,CC,GG,GG,AA,TG,TT,AC,TT,CC,AA,CC,GG,CC,CC,TC,AA,AA,AG,GA,GT,GC,AA,CA,CG,AT,AG,??,TT,CC,TG,TC,CC,AT,AA,TT,AG,TT,CA,AA,GG,CA,CC,GC,CT,GA,CA,??,GG,GG,TT,CC,TA,GG,GG,CT,TG,CA,TT,TT,TT,AC,AA,GC,CG,AA,TT,CC,AA,GG,??,TG,??,GT,CC,CT,TT,GG,AA,CT,GG,AA,GC,AA,CG,CC,TG,CC,GG,GG,AC,CG,TG,GG,GC,CC,AA,TA,TT,GG,CC,AC,AA,AA,AA,AA,AG,CA,AG,GG,TA,GG,TA,??,GC,TT,CT,CT,GG,CG,TA,CG,AA,??,TT,TA,GG,AA,TT,TT,CC,GG,AA,GA,TT,TC,AC,AA,GA,TT,CC,CG,AA,TA,CG,AA,CT,CT,TC,GG,TT,CC,GT
22,CG,??,??,GT,??,CC,GC,??,TT,CG,??,GT,??,GC,AA,??,TT,CC,TA,AA,??,CT,??,AA,GG,AC,??,GA,AG,??,GG,AA,CC,??,??,??,GG,CA,CC,AA,??,??,??,GG,TT,AA,CT,CA,TA,CT,GA,CC,CG,TC,??,TA,??,AA,GT,GC,GG,AA,GG,AT,??,GT,??,GC,??,TC,TT,TT,AA,??,??,CC,CA,CC,AA,CC,GC,GC,CT,AA,??,GA,TG,GG,CT,TC,TT,??,CC,TT,GG,CC,TT,??,CC,CC,??,??,CG,CA,??,??,AG,AG,??,GG,??,GG,AC,CT,GT,??,AA,TT,??,??,??,AA,??,CG,??,AA,AA,GG,??,CG,GG,TT,GC,TT,AC,TT,AT,GG,??,CC,TA,AA,AA,TT,AG,CC,GG,TG,TA,??,TA,GG,??,AA,CC,CT,GA,??,??,CG,??,AG,??,??,??,AA,TT,CT,GG,??,CC,AA,CT,??,AC,AG,GG,GT,CC,??,TT,TA,CG,AT,??,CC,TC,GT,TA,GG,GT
25,CC,CC,AA,GT,GC,CC,CC,GG,TT,CC,GG,GT,TT,GC,CA,TG,TT,AC,AA,AA,AC,CT,TT,CC,CC,CC,TA,GA,AA,??,AA,CA,CC,??,TC,??,AA,CC,CT,CA,AG,CG,AC,TG,AA,CC,TT,AA,TA,CT,GA,GG,CG,CC,AA,AA,GG,GA,TT,GG,GA,CA,CG,AA,AA,TT,??,GC,TG,CC,CT,AT,AA,AT,AG,CC,CA,CC,GA,AA,GG,??,TT,GA,CA,AA,GG,CC,CT,CC,AA,GG,CC,TT,TT,AA,TC,CC,CC,AC,AG,GC,GG,CC,TT,AA,AG,GG,TT,GG,CG,GT,AA,CT,TT,CC,GA,CC,AG,GG,CC,CC,GG,CG,??,AA,AA,TT,CC,GG,GG,TT,GC,TT,AC,TA,TT,TG,TT,AC,TA,AA,CC,AT,GG,AA,AA,TG,AA,AA,TA,TG,??,AA,CT,TT,GA,CG,TA,CC,AA,AG,AT,TA,GG,AA,TT,TT,GC,GG,CA,GA,TT,TC,CC,GG,AA,GT,CC,CC,TT,TA,CG,AT,CT,CT,TT,TT,AA,CG,GT
26,CG,??,??,GT,CC,TT,GG,GG,TT,GG,GG,GG,GT,CC,AA,TG,TT,AC,AA,CA,AC,TT,AA,AC,CC,CC,TT,GA,GG,TC,GG,CA,TC,TT,TC,CC,GA,CC,TT,AA,GG,CG,AC,TG,TT,AA,CC,CA,TA,CT,GG,CC,CG,TC,AA,TA,AG,GA,GT,CC,GA,CA,GG,TT,AG,TT,TT,GC,TG,TC,TT,AT,AA,??,AG,CC,AA,CC,AA,CA,CC,CC,CT,??,AA,GA,TT,GG,CT,TC,TT,GA,CC,CT,TG,CC,TT,TC,TT,AC,GG,GC,CG,CC,TT,CA,AG,AG,??,TT,??,TT,AA,CC,??,GG,GA,CT,GG,AA,GC,AA,CG,CC,TG,CA,GG,GT,AA,CG,??,GT,GG,TT,??,TT,AA,GG,TT,AA,TA,AA,AC,TT,AG,CC,AA,GG,AA,AA,TA,TT,GC,??,TT,CT,GG,CG,TA,GG,TT,GG,AT,TA,GG,AA,TT,TT,GC,GG,CA,GG,CT,TC,AC,GG,GA,TT,CC,GG,AT,AA,CG,AA,CC,CC,CC,TT,TA,CG,GT
27,CG,CC,TT,TT,??,TC,CC,??,AT,GG,TG,GT,??,CC,AA,GG,GT,AC,TA,AA,AC,CC,AT,CC,CG,AC,TA,GA,AG,TC,GA,AA,CC,TT,TC,TC,AA,CA,CT,CA,AG,CG,CC,TG,TA,AC,CT,CA,TT,TT,GA,CG,??,TC,AA,TA,??,GA,TT,GC,GA,CA,GG,AT,AG,GT,GT,GC,TG,TT,CT,TT,AA,??,AG,??,CC,AC,GA,CA,GG,GG,CT,AA,CA,GG,TG,GC,CC,CC,TA,AA,CC,TT,??,CA,TC,TC,CT,CC,AG,GC,GG,CA,TT,??,GG,AG,??,TG,??,TT,AC,TT,GT,GG,GA,CT,AA,AG,GC,AC,CC,CG,TG,CA,GA,TT,AC,CC,TG,TT,CC,CT,CC,AA,AT,TT,TC,CC,TA,AA,CC,TT,GG,CA,AG,TG,TA,AG,TA,??,CC,AT,CT,TT,AA,GG,AA,CG,TA,AG,AA,TA,GG,AA,TT,CT,??,??,CA,AA,CT,TC,AA,AG,AA,GT,CC,CG,AT,TT,GG,AT,TT,TT,TC,GT,AA,GG,GT
28,GG,??,AA,TT,GG,CC,CC,GG,AT,CC,TT,TT,GG,GG,CC,GG,GG,AA,TA,CC,AA,TT,TT,AC,GG,??,TT,GA,AG,TT,GG,CC,TT,TT,TC,CC,GA,AA,CT,CC,AG,CC,CC,GG,TT,AA,CT,AA,AA,TT,GG,CC,CG,CC,AA,AA,GG,GA,GT,GC,GG,CA,CC,??,AG,TT,GT,GG,TG,CC,CC,AT,TT,AA,AG,TC,AA,AA,GG,CC,CC,CC,TT,GG,CA,AA,TG,GG,CT,TT,TT,GA,GG,CC,GG,CC,TC,TC,TT,AC,AA,GC,CG,AA,TT,CC,GG,GG,??,GG,??,GT,CC,TT,GT,GG,GG,TT,AG,AA,GG,AA,GG,GG,GG,AA,AA,GG,CC,CC,TG,TT,GC,CT,AC,TA,TT,TG,CC,AC,TA,AA,AA,AT,AG,AA,GG,TG,TA,GG,TA,GG,GC,??,CT,CT,AA,CC,AA,CG,TA,AG,AT,TA,??,AA,TT,TT,GG,GG,CC,GA,TT,CC,CC,GG,GA,GT,CC,CG,AT,AA,GG,TT,CT,TT,TT,TT,TA,GG,GT
31,CC,GG,TA,GT,GC,TC,GC,??,TT,CC,GG,??,??,GC,CA,GG,TT,AC,AA,CA,??,CT,AT,AC,CG,CC,??,GA,AA,??,GG,CA,CC,??,??,??,GA,??,TT,CA,??,??,??,TG,TA,AA,CT,AA,AA,??,GA,CC,??,??,??,TA,??,AA,GT,GG,GA,CA,CG,AA,AA,GT,??,CC,??,TC,CT,AT,AA,??,??,CC,CA,??,GA,CA,??,??,??,GA,AA,??,TG,GC,TT,TC,TA,??,CC,CT,TG,??,??,TC,TT,AC,??,GC,CG,AA,TT,??,AG,AG,??,TG,CG,??,CC,TT,GT,??,GA,CT,??,??,??,AA,CG,CC,??,CA,GA,GT,??,CG,GG,GG,GC,TT,AA,??,AT,TT,??,AC,AA,CA,AC,AT,??,CA,AG,TG,AA,GG,TA,??,??,??,TT,CT,GA,??,AA,CC,AA,AG,TT,AA,??,AA,TT,TT,GC,??,??,??,CT,??,AC,AG,GA,GT,CC,??,AT,TA,GG,??,CT,??,TT,GT,TT,CG,GT
32,??,??,??,??,GC,TC,??,GG,??,GG,GG,GT,GG,??,??,TG,TT,AA,TA,CA,AA,CT,AT,AC,CG,CC,AA,??,GG,TT,GA,??,TC,TT,TC,TC,AA,AA,TT,CA,AA,CC,AC,TG,TT,AC,CT,CA,TA,??,??,CC,GG,CC,AA,??,AG,??,TT,CC,??,CA,CG,??,AG,GT,GG,GG,TT,TC,??,??,AA,AT,AG,CC,CC,CC,??,CC,GC,GC,CC,GA,AA,GA,TG,??,??,CC,TT,GA,CC,CT,TG,CC,CC,CC,CT,??,AG,GG,??,AA,TT,CC,AA,AG,??,??,CC,TT,CC,CC,GG,CC,GG,CT,AA,AA,GC,AA,CG,CC,TG,CA,GA,GG,AC,CG,??,TT,CC,??,CC,AA,AT,TT,CC,CC,TA,AA,AC,??,GG,CA,??,??,AA,??,TT,GG,GG,AT,TT,TT,GA,CG,TA,GG,TA,AA,AT,??,GG,AA,TT,TT,GG,??,CC,AA,CC,TC,AC,AG,AA,GG,CC,GG,TT,TA,CG,AT,TT,CT,CC,??,AA,CG,GG
33,CC,GG,??,GG,GC,TC,??,GG,AT,CC,TG,GG,GG,??,??,TT,??,AC,AA,AA,AA,CT,TT,??,CG,AC,TA,??,AG,TC,GG,??,TC,TT,TT,CC,??,??,??,CA,AG,CC,AA,GG,TT,AA,CT,??,??,??,GA,??,??,TC,AA,TA,AG,??,GG,GC,??,CC,CG,??,AA,TT,GT,??,TT,CC,TT,??,AA,??,AA,TC,??,AC,GA,CC,GC,GC,TT,GG,CA,AA,TG,??,??,??,TT,GA,CC,??,??,CC,TT,TT,??,CC,AG,GC,??,CA,TT,CC,AA,AG,??,GG,??,GT,AC,??,GT,GC,GG,TT,AG,AA,GC,AA,GG,CC,TG,AA,GA,GG,AC,CC,??,GG,GC,??,AA,TA,AA,??,TC,AC,TA,AA,AA,??,AA,AA,AA,GG,AA,AG,TT,TG,GC,TT,CC,CC,GG,CG,TT,CG,TA,??,AT,??,GG,AA,TT,TT,GC,GG,??,??,TT,TC,CC,GG,??,GT,CC,CG,AT,TA,CG,??,CC,TT,TT,??,TT,CG,GG
34,CC,CG,??,GG,GC,CC,??,GG,AT,CC,TG,GT,GG,GC,CA,TG,GT,AA,TA,CA,AC,TT,AA,CC,CG,AA,TA,AA,AG,TC,GA,CC,TC,??,CC,CC,GA,CA,CT,CA,AG,CG,AA,GG,AA,CC,TT,AA,TT,CC,GA,CG,??,TT,AA,AA,AA,??,GT,GC,GA,CA,CG,TT,AA,TT,GG,GC,GG,CC,CT,AT,AA,??,AG,TC,AA,AC,GA,CC,GG,CC,CC,??,CA,AA,GG,CC,CC,CC,TA,GA,CC,CT,GG,CA,CC,TC,??,AC,??,GC,CG,CA,TT,AA,AA,GG,??,GG,??,GT,AC,CT,TT,GG,GA,TT,GG,AG,GC,AC,GG,GG,GG,AA,AA,TT,CC,CG,GG,GT,GC,CT,AC,TA,TT,GG,TC,CC,TT,AA,CC,TT,AG,CC,GG,TG,TA,??,TT,TG,??,TT,CT,CT,GG,CC,TT,GG,AA,??,AA,AA,GG,AA,TT,TT,??,GG,CA,GA,CC,TC,CC,GG,GA,GG,CC,GG,AT,AA,CG,AA,CT,CC,TT,TT,TA,GG,GG
35,GG,??,TT,GG,GG,CC,??,GG,AT,??,TG,??,??,??,CC,TT,TT,AA,AA,CA,AA,CT,AT,CC,GG,??,??,??,GG,TC,GA,AA,TC,TT,TC,CC,GG,CC,CC,??,AG,CC,AC,TG,TT,AA,TT,??,??,??,GG,GG,??,??,AA,AA,??,AA,GT,CC,??,CA,CC,??,??,TT,??,??,TG,TC,CC,??,TA,AT,AG,TC,CC,CC,GA,CA,CC,GC,CT,GG,CA,??,GG,??,TT,??,TT,AA,CC,??,??,CA,TC,TC,TT,AA,??,??,??,CC,??,??,AG,AG,??,??,??,GT,AC,??,GT,??,??,CT,??,AG,GC,AC,CG,CG,TG,AA,AA,GT,CC,CG,GG,GT,CC,CT,AC,AA,TT,TT,TT,CC,AA,AA,AC,??,AG,CA,??,TT,AA,??,TA,??,??,TT,CT,CT,GA,CG,??,GG,AA,??,TT,AA,GG,AA,TT,TT,??,GG,??,??,CT,TC,AC,GG,??,GT,CC,GG,AT,TA,CC,??,CT,TT,TT,TT,TA,CG,GG
36,CC,??,TT,TT,GC,CC,GG,GG,AT,CG,TT,GT,GG,GC,CA,TG,GT,AC,TT,CA,AA,CC,AT,AC,CG,AC,TA,AA,AG,TT,AA,CA,TC,TT,TT,TC,GA,CA,TT,CA,AG,CC,CC,TG,TA,AA,CC,CA,TA,TT,AA,GG,CG,TC,AA,TA,AG,GG,GT,GC,GG,CC,CG,AT,AA,GT,TT,GG,TG,TC,CT,AT,AA,AT,AA,TT,CC,AC,GA,CA,GC,GG,CT,GA,AA,GA,TG,GC,CT,TC,AA,GA,CC,TT,TG,AA,CC,TC,CT,AC,AG,GC,CG,CA,TT,CA,GG,AG,??,TG,CG,TT,AC,CT,GT,GG,GG,CT,AA,GG,GG,CC,CG,CG,TG,CA,AA,GT,AC,CC,TT,GT,GG,CC,AC,TA,AT,TG,TC,AC,TA,AA,AC,AT,AG,CC,AG,TG,TT,AG,AA,TG,GC,AT,TT,CT,AA,CG,AA,CG,TT,GG,AT,AA,GG,AA,TT,TT,GG,GG,CC,GA,CT,TC,AC,AG,GA,TT,CC,CG,AT,TT,CG,AT,CT,CC,TC,GT,TA,CG,TT
37,GG,??,??,TT,GG,CC,CC,??,AT,CC,GG,GT,GT,GG,CC,GG,TT,AC,AA,CA,CC,CT,??,CC,CG,AC,TT,GG,AG,TC,AA,CA,TC,TT,CC,TC,GA,CC,TT,CA,AA,GG,CC,TG,TA,AC,TT,CA,TA,TT,GG,GG,CG,TC,AA,TT,AG,AA,GT,GG,GA,AA,CC,AA,AG,GT,GG,CC,TG,TC,CT,AT,AA,TT,GG,TC,CC,CC,GA,AA,GC,GC,TT,GG,AA,GA,GG,GC,CT,CC,AA,GG,CC,CT,TG,AA,CC,??,CT,AC,AG,GC,CG,CC,TT,AA,GG,AA,??,GG,CC,TT,AC,CT,TT,GC,AA,CT,AA,GG,GC,CC,CG,CG,TG,AA,AA,TT,CC,CG,GG,GT,GC,CT,AC,TA,TT,TT,TT,AC,TA,AA,CC,AT,AG,CA,AG,TT,AA,AA,AA,TG,GC,??,TT,CT,AA,??,AA,CC,AA,AA,AT,AA,GG,AA,TT,TT,CC,TT,AA,GA,TT,CC,AC,AG,GA,GT,CC,CG,AT,TT,CG,AT,CT,CT,TT,GT,TA,CG,TT
39,GG,??,??,TT,GC,TC,CC,GG,AT,CC,TG,??,GT,GC,CA,GG,GT,AC,AA,CA,AC,CT,TT,AA,CC,CC,TA,GA,GG,CC,GA,CA,TT,TT,CC,TC,GG,CA,TT,CA,AA,CG,AC,TT,TT,AA,CT,AA,AA,??,GA,CG,??,CC,AA,TA,GG,AA,GG,CC,AA,AA,CG,TT,GG,GT,GG,??,GG,CC,CT,TT,TA,AT,GG,TC,CC,AC,GA,CA,CC,GC,TT,GA,AA,??,TG,GG,TT,CC,TA,AA,CC,CT,TT,AA,TC,TC,TT,CC,AG,??,CC,??,TT,CC,AG,AG,CT,TG,GG,TT,AC,CT,GT,CC,GA,CC,AA,AG,GC,AC,GG,GG,TG,CA,GA,??,AC,GG,GG,GT,CC,??,AC,AA,AT,??,TC,AA,AA,AA,AA,??,AG,AA,AA,TT,AA,AG,AA,TT,??,TT,TT,CC,??,CG,??,??,AA,AA,TT,AA,GG,AA,TT,TT,GC,??,AA,GG,TT,CC,??,AG,GG,GG,CC,GG,AT,TT,CG,TT,TT,TT,TT,GT,TA,CG,GT
40,??,GG,AA,GT,GC,CC,CC,GG,AT,CC,TT,GT,GG,GG,CA,GG,GG,AA,AA,CC,AC,TT,TT,CC,GG,AC,TA,??,AG,TC,GA,CC,TT,TT,CC,CC,GA,AA,CT,CC,GG,CG,CC,TG,AA,CC,CT,AA,AA,??,GA,CC,CG,TC,AA,TA,AG,AA,GT,GC,GA,AA,CG,TT,??,TT,TT,??,TG,CC,CC,AT,TT,AT,GG,TC,AA,AA,GG,CC,??,CC,CT,GG,CA,AA,TG,CC,TT,TC,TT,AA,CC,CC,TG,CC,TC,TC,TT,AC,AA,GC,??,AA,TT,AA,GG,AG,TT,GG,GG,GT,CC,TT,GT,GG,GA,CT,GG,AA,GG,AC,GG,CG,TG,AA,AA,TT,CC,CC,GG,GT,GC,CC,CC,TA,TT,??,CC,CC,AA,AA,CC,AT,AG,CA,GG,GG,AA,GG,??,GG,CC,TT,CT,CT,AA,CC,AA,CG,AA,??,TT,TA,GG,AA,TT,TT,GC,TT,??,AA,CT,TC,CC,GG,GA,TT,CC,GG,AT,AA,GG,??,CT,CT,TT,TT,TA,CG,GT
41,??,??,AA,GT,CC,CC,CC,GG,AT,CG,GG,GT,GT,??,AA,TG,GG,AA,TA,??,CC,TT,AT,AA,GG,AC,TA,??,GG,CC,??,??,TT,TT,CC,CC,??,??,TT,CA,AG,GG,CC,TT,TT,AC,CT,AA,??,??,GA,GG,CG,TC,AA,TA,AG,AA,GG,??,AA,CC,GG,??,??,GT,GT,??,TG,TC,??,??,TT,AT,AG,TC,AA,AC,GA,CA,GC,CC,TT,??,CA,??,TG,GG,??,??,TT,AA,CC,??,??,CA,CC,TC,CC,AA,AG,CC,??,AA,TT,CC,GG,AG,TT,??,??,GT,CC,??,GT,CC,AA,CC,AG,AG,GC,CC,CG,CG,TT,CA,AA,GG,CC,CG,??,GT,GG,CT,AC,TA,TT,TG,CC,CC,TA,AA,AA,??,AA,AA,GG,GG,AA,AG,AA,GG,GC,AT,TT,CC,AA,CC,TA,GG,TT,??,AT,??,GG,AA,??,TT,CC,TT,??,??,TT,TC,AC,AG,GG,GT,CC,GG,TT,AA,CG,TT,TT,TT,TC,??,TA,CC,GT
42,CC,CG,TA,GT,GC,TC,??,GG,AA,CG,TG,GG,TT,GC,CA,TG,GT,AA,TA,CA,CC,CT,TT,AC,CG,AA,AA,GA,AA,TC,GG,??,TC,TT,CC,TC,GA,CC,CC,CA,AG,GG,CC,GG,TA,AA,CT,CC,AA,CT,AA,CC,GG,TT,AA,TA,AG,GA,TT,GG,GA,CA,CG,AA,AG,GT,GT,CC,TG,CC,CT,AT,AA,AA,AG,TT,CA,AC,GA,CA,GC,GC,CC,GA,CC,GA,TG,GG,TT,TT,TA,GG,CC,CT,GG,CC,TT,TC,CT,AC,AG,GC,GG,CC,TT,CA,AG,AG,CT,TG,CC,GG,AC,CC,GG,GG,AA,TT,AG,AA,GG,AA,GG,CG,GG,CC,GA,GT,AC,CC,TG,GT,GC,CC,CC,TA,AT,TG,TT,AC,AA,AA,AC,AT,GG,CA,AG,TG,??,AA,AA,TG,GC,AA,CC,TT,AA,CG,TA,CC,TA,AG,TT,??,GG,AA,TT,TT,CC,TT,AA,AA,CC,TT,CC,AA,GA,GT,CC,CC,AT,TA,CC,AA,CT,CT,CC,GG,AA,GG,TT
43,??,??,AA,GT,GC,TC,GG,GG,TT,CC,GG,GG,GT,??,AA,TG,TT,AC,TA,AA,AC,TT,TT,AA,CG,AC,TA,??,AG,TC,GA,??,CC,TT,CC,CC,AA,CC,??,AA,AG,CG,AC,TT,TT,AC,CT,AA,AA,??,GA,??,GG,TC,AA,TA,AG,GA,GT,GC,GA,CA,CG,??,AG,TT,GG,??,TG,CC,TT,??,AA,AA,AG,CC,CA,CC,GA,CA,GC,CC,CT,??,CA,??,TG,GG,CT,TT,TA,GA,CC,??,??,CA,TC,CC,TT,AC,GG,GC,??,CA,TT,CC,AG,AG,??,TT,CG,GT,AC,CC,GT,GC,GA,CT,AG,AG,GG,AC,GG,CC,TT,AA,GA,GG,AC,CC,??,TT,CC,TT,CC,AA,AT,TT,TC,AC,TA,AA,AA,TT,GG,AA,AA,TT,TT,AA,TA,??,GC,AT,CT,TT,GA,CG,TA,CG,TA,??,AT,TT,GG,AA,TT,TT,GC,TT,??,AA,CC,TT,CC,GG,GA,GG,CC,CG,TT,TA,CC,AA,TT,CT,TT,TT,AA,CG,GT
44,CC,??,??,GG,GG,TC,GC,GG,AA,??,TG,??,??,GG,CC,TT,GT,AA,AA,CC,??,CC,AT,AA,??,AC,??,GA,AA,??,AA,CC,TC,??,??,??,GG,CA,CT,CA,AA,CG,AA,TT,TT,AC,TT,CC,TT,CC,AA,CG,??,??,AA,AA,??,AA,GG,GG,GA,AA,CC,AA,AA,GG,GG,GC,??,TC,CT,AA,AA,??,??,??,CC,??,GG,CC,??,GG,CT,GG,CA,GA,GG,GG,CC,TC,TT,GG,GG,CC,TT,CA,CC,TT,CC,AA,AG,GC,CC,CA,TT,??,AA,GG,??,TG,CC,??,AC,CC,TT,??,GA,CC,??,??,??,CC,CG,CC,??,CC,GA,GG,??,CG,GG,GG,CC,CC,AC,??,AT,TT,TC,AC,TT,AA,AA,AA,AA,CC,AA,TT,AA,??,TT,??,??,AA,CT,CC,GG,CC,??,CC,??,??,AA,TA,GG,AA,TT,TT,GC,TT,CA,GA,CT,??,AC,AA,GG,GG,CC,??,AA,TT,CC,AA,CT,CC,TC,GG,TA,CC,GG
45,CG,??,??,GT,??,TC,CC,GG,TT,GG,GG,GT,GT,CC,AA,TG,TT,AC,TA,CA,CC,CT,AT,AC,CG,AC,TA,GA,AG,CC,AA,AA,TT,??,??,CC,GA,CA,CT,AA,AG,GG,AA,TG,AA,CC,CT,CA,TA,CT,GA,GG,CG,TC,AA,TA,AG,GA,GT,GC,AA,CA,GG,AT,AA,TT,GT,CC,??,TC,TT,TT,TT,TT,AG,CC,CA,CC,AA,CC,GC,GC,CT,AA,CA,GA,TG,CC,CT,CC,TT,AA,CC,CC,TG,AA,CC,CC,CT,CC,GG,CC,CG,CA,TT,AA,AG,AG,CT,TG,??,GT,AC,CT,GT,??,AA,CT,AG,AG,CC,CC,??,CG,TG,CA,GA,TT,CC,GG,TG,TT,CC,TT,AC,??,TT,??,TC,AC,TA,AA,AC,TT,AG,AA,AG,TG,TA,??,TT,TG,GC,AT,CT,CT,GG,CG,TA,CG,TA,AG,TT,AA,GG,AA,TT,TT,CC,TT,AA,??,CT,TC,AC,AG,GA,GT,CC,CG,TT,TA,CG,AT,CC,CT,CC,GT,TA,CC,GG
46,CC,??,TA,GT,CC,TC,GC,GG,AT,GG,TT,GG,GT,??,AA,TG,GG,AC,TA,CA,AC,CT,TT,AA,CG,AA,TA,AA,AG,TC,GG,CA,CC,TT,TC,TT,??,CA,CC,CC,GG,CG,AC,GG,TT,AA,CT,CA,TT,??,GA,CC,CG,TT,AA,AA,AA,GA,GG,GC,AA,CA,??,AA,AG,GG,TT,GC,TG,CC,CC,AT,AA,AT,AG,TC,CA,AA,GG,CA,GG,GC,TT,AA,CC,AA,TG,GG,CC,TT,TT,GA,CC,TT,GG,CC,TT,CC,CT,??,AA,GC,CC,CA,TT,CC,AG,GG,CT,TG,CG,??,AC,CT,TT,GC,GA,CT,GG,AA,GC,AA,GG,??,GG,CA,??,GG,AC,CC,GG,TT,GC,CC,AC,TA,AA,GG,TC,AC,TT,AA,AA,??,AG,AA,AA,GG,TA,AG,??,TG,GC,AT,CC,CT,GA,CG,TA,CG,TA,GG,AA,TT,??,AA,TT,TT,GC,GG,AA,??,TT,TT,CC,AG,GG,TT,CC,CG,TT,TA,CG,AA,TT,TT,CC,GT,TA,GG,TT
47,GG,??,TT,??,GC,CC,??,GG,??,CG,TT,TT,GT,??,CC,GG,??,AC,TA,AA,AC,CC,AA,AA,CG,AC,TT,GA,AG,TC,GA,??,CC,TT,TC,CC,??,AA,TT,CC,AA,CG,CC,??,TA,AC,CT,??,??,??,GG,GG,CG,TC,AA,TT,AG,GG,GG,GC,??,AA,CG,TT,AA,TT,GG,??,GG,TT,CC,AA,AA,AA,AG,TT,CC,AA,??,CA,GC,GG,TT,GG,CA,??,TG,??,CC,TT,??,GA,CC,TT,??,CA,TC,TT,??,AC,AA,GC,CC,AA,TT,CA,??,AG,TT,GG,CG,??,CC,TT,GT,GG,GA,CT,AA,AG,GG,AC,CC,GG,TG,AA,AA,TT,CC,CC,GG,TT,CC,CC,AC,TA,TT,TT,CC,CC,TA,AA,AC,??,AG,CA,AG,TT,??,GG,??,GG,GC,AA,CT,CC,AA,GG,AA,CG,TT,??,AT,TT,GG,AA,TT,CT,GC,GG,??,AA,CT,CC,AA,GG,GG,GG,CC,CC,AT,TT,GG,TT,CT,CT,TC,TT,AA,GG,GT
48,CG,CC,TA,GT,CC,TC,CC,GG,AT,CC,TG,TT,GT,GG,AA,TG,GT,AA,TT,CC,CC,TT,AT,AC,CC,AA,AA,??,AG,CC,GA,CC,TT,TT,CC,TT,GG,CA,CC,CA,GG,GG,AC,TT,TT,AA,CT,CC,TT,??,AA,CG,CC,TT,AA,AA,AG,GG,GG,GC,AA,CA,GG,??,GG,GG,TT,CC,GG,TC,CT,TT,TT,AT,AG,TC,AA,AC,GG,CA,GG,CC,CT,GG,CC,GA,GG,GG,CC,TT,TT,GA,GG,CC,TT,CA,TC,CC,??,CC,AG,CC,CC,CA,TT,CA,AG,GG,TT,GG,CG,GG,AC,??,TT,CC,AA,CC,GG,AG,GC,AC,CG,GG,TT,CC,GA,GT,CC,CG,TT,TT,GC,CT,AA,TT,TT,GG,TC,AC,TT,AA,AC,AA,AA,CA,AA,GG,TA,AA,AA,TG,CC,AT,CT,CC,AA,CC,TA,CG,TA,??,AA,TA,GG,AA,TT,TT,CC,TT,AA,GA,CT,TC,AC,AA,GG,TT,CC,CG,TT,AA,CG,TT,CC,CT,TT,GG,TT,CG,TT
50,??,CC,TA,GG,GG,TC,??,GG,AA,CG,TG,GG,GT,GG,??,TT,??,AA,TT,??,AC,CT,TT,AA,CG,AA,TA,??,AG,??,GA,??,CC,??,TT,TC,??,AA,??,??,AG,CG,AA,??,TT,AC,CT,??,??,??,GA,??,CC,TC,AA,TT,AG,??,GG,GG,GG,CC,CC,??,AG,GT,GG,??,TT,TC,??,AA,TA,TT,AA,TT,AA,AC,GA,CA,GG,GC,TT,??,CC,??,TG,??,??,??,??,GA,CC,??,??,AA,TC,TT,??,??,AG,GC,??,CA,TT,CC,AA,AG,CT,TG,CG,GG,AC,??,GT,CC,??,CT,AG,GG,CC,CC,CG,CC,TG,CA,GA,GG,AC,GG,??,GG,GG,CC,AA,TT,TT,??,TC,AC,TT,AA,AA,??,AA,AA,??,??,TT,AA,TA,TG,GG,AA,CC,CC,GG,CG,TT,CC,TA,??,AA,??,GG,AA,TT,TT,GC,GG,??,??,TT,TT,AC,GG,GG,GT,CC,CC,??,TA,CC,??,CC,TT,TC,??,TT,CG,GT
52,??,CG,TA,??,GG,CC,??,GG,AA,CG,TT,GT,??,??,CC,TG,??,AA,AA,??,CC,CT,TT,AA,GG,AA,TT,GG,GG,CC,GA,??,TC,TT,CC,TC,GG,??,??,??,AA,GG,AA,??,TT,AA,CT,AA,??,??,GG,GG,CG,TT,AA,??,AA,AA,GG,CC,??,??,CC,??,AG,GT,GG,??,GG,TC,CC,??,TT,AT,GG,TC,??,??,GG,CA,GC,GC,CT,GG,CA,??,TG,GG,??,CC,TT,GA,CC,??,??,AA,TC,TC,CC,AA,AA,CC,??,CC,??,CC,??,??,TT,GG,CG,GT,AC,CT,GT,??,AA,CT,AA,GG,GC,CC,GG,GG,TG,AA,AA,GG,CC,CC,??,GT,??,??,AC,TA,??,??,TT,AC,TT,AA,AA,TT,??,??,AG,??,??,AA,TT,TG,??,TT,CT,CC,GG,CG,TT,GG,TA,??,AT,AA,??,AA,TT,TT,CC,GT,??,??,CT,TC,CC,GG,GG,GG,CC,GG,??,TA,CG,??,CT,CT,TC,TT,TA,CG,GG
53,CG,??,TA,GT,GG,TC,GC,GG,AT,CG,TG,GG,TT,GC,CC,TG,TT,AC,TA,AA,AC,CT,AT,AA,CG,AC,TA,GG,AG,CC,GA,CA,CC,TT,TC,CC,GG,CA,CT,CA,AG,GG,AA,TG,TT,AC,CT,CA,AA,??,GA,CG,CG,TC,AA,??,GG,GG,GG,GC,AA,CC,CC,??,AA,TT,GT,CC,TT,TC,CT,AA,AA,AT,AA,TC,CA,AC,GA,AA,CC,GC,CT,GG,CA,GA,TG,GG,TT,TC,AA,AA,CC,TT,TG,AA,TC,TC,CT,AA,AG,CC,CC,CA,TT,CC,AG,AG,CT,TG,GG,GT,AC,CT,GT,GC,GA,CT,AG,AG,GC,AC,CG,CC,TG,CA,GA,GG,AC,CG,TG,GT,GG,CT,AC,TA,AT,TG,TC,AC,AA,AA,AA,AT,AG,AA,GG,TG,TA,AG,TT,TG,GG,AT,CT,CC,GG,CG,TA,CG,TA,AG,TT,TA,GG,AA,TT,TT,CC,GG,AA,GA,CT,TT,AC,AG,GG,GT,CC,CG,AT,TA,CG,AA,CT,TT,TC,GT,TA,CG,GG
54,GG,??,TT,GG,GC,TC,GG,GG,AT,CG,TG,TT,GT,GC,CA,TT,GT,AC,TT,CA,AC,CT,AA,AA,CG,CC,TA,GA,AG,TC,GA,CA,TC,??,TC,TC,GA,CA,CT,AA,AG,CG,AC,TT,TT,AA,TT,CA,AA,CT,GA,CG,CC,CC,AA,TA,GG,GG,GT,??,GA,CC,CG,AT,GG,GT,TT,??,TG,TT,TT,AA,AA,AT,AA,TC,CA,AC,AA,CA,CC,GG,CT,GA,CA,GG,GG,GG,TT,TC,TA,AA,CC,CT,TT,CA,TC,TC,??,AA,GG,GC,CG,CA,TT,CA,AG,AG,??,TG,GG,GT,AC,CC,TT,CC,GA,CC,AG,AG,CC,AC,CC,CG,TT,CA,GA,GT,AC,GG,TT,GT,GG,CT,AC,TT,AT,TG,TC,AA,AA,AA,AC,TT,AG,CA,AA,TG,TT,AA,??,TG,GG,TT,CT,CT,GA,CG,TT,CG,TA,??,TT,TT,GG,AA,TT,TT,GC,GG,CA,GG,TT,CC,AA,AG,GA,TT,CC,CG,AT,TA,CC,TT,CC,CT,TT,GT,TA,CG,GT
55,CC,??,TT,GT,GG,TT,GG,GG,AT,??,TG,GG,GG,GG,CC,GG,TT,AC,AA,CA,CC,CC,AT,AA,CG,CC,TA,GA,AG,TC,GA,CC,TC,TT,CC,TC,GG,AA,TT,AA,AG,GG,AC,TG,TT,AA,TT,CA,TA,CT,??,CG,CG,CC,AA,AA,GG,AA,GG,GC,AA,AA,CC,AT,AG,GT,GT,CC,TT,TT,TT,AA,AA,AA,GG,TC,CC,CC,AA,CC,GC,GG,CC,GG,CA,GG,GG,GG,CT,TT,TT,GA,CC,CT,TG,CA,TC,TC,??,AA,GG,GC,CC,AA,TT,CC,AG,GG,CC,TT,CG,GT,CC,TT,TT,GC,AA,CT,AG,AG,GG,AC,CG,CC,TG,CC,GG,GG,AA,CC,GG,TT,GG,CT,AA,AA,AA,GG,CC,CC,TA,AA,AA,TT,AA,CA,AG,TG,AA,GG,??,GG,GG,AT,CT,CC,GA,CG,TA,CG,AA,AG,AT,??,GG,AA,TT,CT,CC,TT,CA,AA,CC,TT,AA,AG,GG,GT,CC,CG,AT,TT,GG,AA,TT,CT,TC,GT,TT,GG,GT
56,GG,GG,TT,GT,GG,TC,??,GG,AA,CC,TT,TT,GT,GG,CC,TG,GG,AA,AA,CC,AC,CC,AA,AC,CG,CC,TA,AA,GG,TC,GG,CC,TC,??,CC,TC,GG,CA,TT,CC,AG,CG,AC,TG,TA,AC,CT,CA,TA,CT,GA,CC,CG,CC,AA,AA,GG,AA,GG,CC,GA,AA,CC,TT,??,GT,GT,GC,TG,TT,CC,AA,AA,TT,GG,TT,CC,AA,GG,CA,GC,GG,CT,GG,AA,GG,TG,GC,CT,CC,TT,GA,GG,CC,TG,CC,TC,TC,TT,AC,AA,GC,CC,CA,TT,CA,AG,GG,CT,??,CG,TT,AC,CT,GG,CC,AA,CT,AG,AA,CC,AA,CC,GG,TG,CA,GA,GT,AC,GG,GG,GT,GC,CC,AC,TA,AT,TG,TC,AC,TA,AA,AC,AA,AG,CC,AG,TG,AA,AG,AA,TG,GC,TT,CT,CC,GG,CC,TA,GG,TA,AG,AT,TA,GG,AA,TT,TT,GC,TT,CA,GA,CT,CC,AA,AG,GG,GT,CC,GG,AT,TT,CG,TT,CC,CC,TT,GT,TA,CG,TT
57,CC,??,TA,GG,CC,CC,??,GG,AT,GG,TG,TT,GG,??,AA,TG,??,AA,TA,??,AC,??,AT,??,CC,AC,TA,??,AA,TC,??,??,TT,TT,TT,TC,GG,??,??,AA,AG,CG,AC,??,TA,AC,CT,??,??,??,GA,CC,CG,TC,AA,??,AG,AA,GT,GG,GA,??,GG,??,AG,GT,GT,GG,TG,TC,TT,??,AA,AA,AG,TC,??,AC,AA,CC,GC,GC,CT,??,CA,??,TG,??,??,??,??,GA,CC,??,??,CC,TC,TC,??,??,GG,GC,??,CA,TT,CA,AA,AG,CT,??,CG,GT,AC,??,GT,GC,GA,CC,AG,AG,GG,AC,CG,CG,TT,CA,AA,TT,AC,CC,??,TT,GG,CC,AC,TA,TT,??,TC,AC,TA,AA,AA,??,AG,CA,AA,GG,??,AG,??,TG,GC,AA,CT,CT,??,CG,TA,CC,TA,??,AT,TT,??,??,TT,CT,GC,GG,??,AA,CT,TC,AC,AG,GG,GT,CC,CC,??,TA,CG,??,TT,CT,CC,??,TA,CC,GG
58,CC,??,??,TT,GC,TC,CC,GG,AA,GG,TT,GG,GT,CC,CA,GG,GG,AC,TA,CA,CC,CT,AT,AA,CG,AC,AA,GA,AG,CC,AA,CA,TC,TT,CC,TC,GG,??,CT,CC,AG,CG,CC,GG,TT,AA,CT,CA,TA,TT,AA,CG,GG,TC,AA,AA,AG,GA,GT,GC,AA,CA,CG,AT,AG,GT,??,??,TT,TC,CC,AT,AA,AT,AG,TT,CA,??,GG,CA,GC,GC,CT,AA,CA,GA,TG,GG,CT,TC,TA,AA,GG,CT,GG,CA,CC,TT,CC,AC,AA,CC,GG,CA,TT,CC,GG,GG,CT,TG,GG,GT,AC,TT,GT,CC,AA,TT,AG,AG,GC,CC,CG,CC,GG,CA,GA,GG,CC,CG,TG,TT,GC,CC,CC,AA,TT,GG,TC,AA,TA,AA,AA,??,GG,CA,AG,TG,TT,AG,TA,TG,GC,AT,CT,TT,AA,CG,AA,CG,TA,GG,AT,AA,GG,AA,TT,CT,CC,TT,AA,GG,CC,TT,AC,AG,GG,GT,CC,CG,AA,TA,GG,AA,TT,CT,CC,GT,AA,CG,TT
59,CC,CC,??,GT,GC,TC,GC,??,AA,CG,TT,GG,GT,GC,CA,TG,GG,AC,AA,CA,CC,CT,AT,AA,CG,AC,TA,GA,AG,CC,GA,CA,TC,TT,CC,TC,GG,CA,CT,??,AG,GG,AC,TG,TT,AA,CT,CC,TT,CT,AA,CG,CC,TC,AA,AA,AA,AA,GG,GC,AA,AA,CG,AT,AG,GT,GT,CC,TG,TC,CT,AA,AA,AT,GG,TT,CA,AA,GA,CA,GG,GC,CT,GA,CA,GA,TG,GG,CC,??,TA,GA,CC,CT,TG,CA,TC,TC,CC,??,??,CC,CC,CA,TT,CC,AG,GG,CT,TG,CG,GT,AA,CC,GT,GC,AA,CT,AG,AG,GC,AC,CG,CG,TG,CC,GA,GG,AC,CG,GG,TT,GG,CC,AA,TT,AT,TG,TT,AA,TT,AA,AA,AT,AA,AA,AG,TG,AA,AA,TT,TT,GC,AA,CT,CC,GG,CG,TA,CG,AA,AG,AA,TA,GG,AA,TT,CT,CC,TT,AA,GG,CT,TC,AC,AA,GG,GT,CC,CC,AT,TA,CG,??,CC,CT,CC,GG,TT,CG,GG
60,CC,??,TA,TT,GC,TT,GG,GG,TT,CG,GG,GG,GT,GC,CC,GG,TT,AA,TA,CC,AC,CT,AT,CC,CC,AC,TA,GA,AA,TC,GA,CA,TT,TT,TC,CC,AA,CC,CC,CA,GG,CG,AC,GG,AA,CC,CT,CA,TT,??,GA,CG,CC,TC,AA,TT,GG,GA,TT,GC,GA,CA,CC,AT,AG,TT,GT,GC,TG,TC,CT,AT,AA,AT,AG,CC,CA,CC,GA,CA,GG,GC,CT,GA,CA,GA,TG,CC,CC,TT,TA,GA,CC,CC,TG,CA,TT,CC,??,AC,AG,GC,GG,CC,TT,AA,AG,AA,CC,TT,CG,??,AA,TT,GG,GC,GA,CT,GG,AG,GG,AC,CG,CG,GG,CA,GG,TT,AA,CG,TG,TT,CC,TT,AC,TA,AA,GG,TC,AA,TT,AA,CC,AT,GG,CA,AG,GG,TA,GG,??,TT,GC,AT,CC,TT,GA,CC,AA,CC,TA,??,AA,TT,GG,AA,TT,TT,GC,GG,CA,GG,CC,TT,AC,AG,AA,TT,CC,CG,TT,TA,GG,AA,CT,TT,TC,GT,AA,GG,GT
61,GG,??,TA,TT,GC,TC,GG,GG,AT,CG,TG,TT,GT,GC,CA,TG,GT,AC,TT,CA,AC,CC,AT,AA,CC,AC,AA,GA,AA,TC,GG,CA,TC,TT,TT,TC,GG,CA,??,CA,AA,CG,CC,TT,TT,AC,CT,CA,TT,TT,AA,??,CC,TC,AA,TA,AG,GG,GG,GG,GA,CC,CG,AA,??,GT,GT,GG,TG,TC,CT,AA,AA,AT,AA,TC,CC,AC,GA,CC,GG,GG,TT,GA,CA,AA,TG,GG,CC,TC,TT,AA,CC,CT,TT,CC,TT,TC,CC,AC,AG,GC,CC,CA,TT,CC,GG,AG,CC,TT,GG,GT,??,CT,GT,CC,GG,CC,AA,AA,GC,AA,CG,CG,TT,CA,GA,??,AA,CG,TT,GT,CC,CT,AA,TT,AA,TT,TC,AC,TA,AA,AA,AT,AA,CA,AA,TT,TT,AA,AA,TG,GC,AA,CT,CC,AA,CG,TA,CC,TA,AG,AA,TT,GG,AA,TT,TT,GC,GG,CA,GA,CT,CC,AC,AG,GG,GG,CC,CC,AT,TT,CG,TT,CC,CT,TC,GT,TT,CG,TT
62,CC,??,??,GG,CC,TC,CC,GG,??,CG,TG,GT,TT,??,AA,TT,??,AA,AA,AA,AC,CC,??,??,GG,AC,AA,??,GG,CC,GA,??,CC,??,TC,CC,??,??,??,CC,AA,CG,AA,??,TA,AC,CT,??,??,CC,AA,GG,CG,TC,AA,??,AG,??,GT,CC,AA,CA,GG,??,AA,??,GG,??,TG,TC,??,TT,AA,TT,AG,TC,??,AC,??,AA,GC,GG,CT,GG,CA,??,TG,GC,??,CC,??,GG,GG,??,??,AA,CC,TC,??,CC,AA,CC,??,CC,TT,CA,AA,AG,CT,??,CC,GT,AA,??,GT,CC,GA,TT,AA,GG,CC,CC,CG,CG,GG,AA,??,GG,AC,GG,??,GT,GC,CC,AC,TA,AT,TT,TT,AA,TA,AA,AC,??,AG,CA,GG,TT,AA,??,TT,??,CC,TT,TT,CT,GG,CC,TT,GG,AA,??,AT,AA,??,??,??,TT,GC,GG,??,GG,CT,TT,AC,GG,GG,GG,CC,GG,AT,TT,CC,??,CT,TT,TC,??,TA,CG,GG
63,CG,??,??,GG,GC,TC,??,GG,??,CC,TG,GG,GG,??,CA,TT,GT,AA,TA,CA,AC,TT,AA,AC,CG,??,AA,GA,AG,??,GA,CC,TC,TT,TC,TC,GA,CA,CT,CA,GG,GG,AA,TG,TA,AC,TT,CA,TT,CC,GA,CC,CG,??,AA,TA,??,GA,GT,GC,GA,CA,CG,TT,AG,GT,??,CC,TT,TC,TT,AA,TA,AT,AG,??,CA,AC,AA,CA,GG,GC,CT,GG,AA,GA,GG,??,CC,TT,TT,GA,CC,CC,??,CA,TC,??,CC,AA,AG,GC,??,??,??,CA,AA,AG,CT,??,CG,GT,CC,CC,TT,GC,GA,CT,AG,AG,GC,AC,CG,CG,??,CA,GA,GT,AC,CG,TG,??,??,CT,AC,TA,AT,GG,TC,??,TA,AA,??,??,AG,CC,AG,GG,TT,??,TA,GG,GC,AT,??,CT,GG,CG,TA,GG,TA,AG,AA,??,GG,AA,TT,TT,CC,GG,AA,GA,CT,TC,AC,AG,GA,TT,CC,CG,??,AA,CC,AA,CT,CC,TT,GT,TA,CG,GT
64,CC,??,??,TT,GG,CC,GG,GG,TT,CC,GG,GG,GT,GG,CC,GG,TT,CC,AA,AA,CC,CT,TT,CC,CC,CC,TT,GA,AG,TC,GG,AA,TC,TT,CC,TC,AA,CA,CC,AA,AG,CG,AC,TT,AA,CC,??,AA,AA,??,GG,CC,GG,CC,AA,TA,GG,AA,TT,GC,GA,AA,CC,??,AA,TT,GT,GG,TG,TC,TT,AA,AA,AT,GG,CC,CA,CC,AA,CA,GC,GC,CT,GG,CA,GA,GG,CC,??,TC,TA,GG,CC,CT,TG,CC,TT,TC,TT,AA,GG,GG,GG,CA,TT,AA,GG,AG,CC,TT,CC,GT,AC,CT,TT,GG,AA,CT,AG,AA,GC,AA,CG,CC,??,AA,AA,TT,AA,CG,GG,GT,GC,TT,CC,AA,AA,TG,TC,CC,TA,AA,CC,TT,GG,AA,AA,TT,AA,AG,TT,GG,GG,AT,CC,TT,GA,GG,AA,CG,AA,AG,??,TT,GG,AA,TT,TT,GC,TT,CA,AA,CT,TT,AC,GG,AA,GG,CC,CG,AT,TA,GG,AA,CC,TT,TT,TT,AA,GG,GG
65,CG,??,??,TT,CC,TT,GG,GG,AT,CG,TG,GT,GT,GC,AA,GG,GT,AA,TA,CC,CC,CT,AA,CC,CG,AC,TT,AA,AG,TC,GA,CC,TT,TT,??,TC,AA,AA,CT,CA,GG,GG,AC,TG,AA,AC,CT,CC,TT,TT,GG,CC,CG,TC,AA,AA,AG,AA,TT,??,GA,AA,GG,AT,AG,GT,TT,GC,TG,TC,CT,TT,AA,AT,GG,TC,CA,AC,GG,CA,??,GC,CC,AA,CA,GA,TG,GC,CC,TC,TA,GA,GG,CC,TG,CC,CC,TC,CC,CC,AG,GC,GG,AA,TT,AA,GG,GG,CC,TT,CG,GT,CC,CT,GT,GC,AA,CT,AG,AG,CC,AC,CC,CG,TG,CC,GG,TT,AA,CG,TG,GT,GC,CT,AC,TA,AA,GG,CC,CC,TT,AA,CC,AA,GG,CC,AG,GG,TA,??,TA,GG,GC,AT,TT,TT,GA,CC,AA,CG,TA,GG,AT,AA,GG,AA,TT,TT,GC,GT,CA,AA,CC,TC,AA,AA,AA,TT,CC,CG,AT,TA,CG,AT,CT,CT,TC,GG,AA,CG,GG
66,GG,CG,TA,GT,GC,TT,GC,??,AA,CG,TT,TT,GG,GC,CA,TG,GG,AA,TA,CC,AC,CT,AT,AA,CG,AC,TT,GA,AG,CC,GA,CC,TT,TT,TC,TT,GG,CA,CT,CC,AG,CG,AC,TG,TT,AA,TT,CC,TA,CT,GG,CG,CC,CC,AA,TT,GG,GA,GG,GC,AA,CA,CG,AT,AG,??,GT,CC,TG,TC,CC,AT,AA,AT,AG,TT,CA,AA,GG,CA,GC,GC,CT,GA,CA,GA,GG,GG,CT,TC,TA,GA,??,CC,TG,CA,TC,TC,CT,AC,AA,CC,CC,CA,TT,CC,AG,AG,CC,TG,CG,GT,AC,CT,TT,GG,GA,CT,AG,AG,GC,AC,CG,GG,TG,CC,GG,GG,AC,CG,TG,GT,CC,CC,AA,TT,AT,TG,TC,AC,TA,AA,AA,AT,AA,CA,AG,TG,TA,AG,??,TG,GC,AT,TT,CC,GG,CC,TA,CG,AA,AG,AT,TA,GG,AA,TT,TT,CC,GG,AA,GA,CT,CC,AC,AA,GG,GT,CC,CG,AT,TA,CG,TT,CC,CT,TC,GG,TT,CG,GG
67,CG,??,??,GT,GC,CC,GC,GG,AT,CC,TG,GT,GT,GG,CC,??,GT,AC,AA,CA,AC,CC,AA,AC,CG,AC,AA,GA,AG,TC,GA,CA,TC,TT,CC,TT,GA,CA,CT,CA,GG,CG,AC,GG,TA,AC,TT,CA,TA,CT,GA,GG,CC,TC,AA,TA,AG,AA,GG,GC,GA,AA,CC,AT,AA,??,TT,GC,TG,TT,CT,TT,AA,AA,GG,TC,CC,AC,GA,AA,GC,GG,CC,GG,CA,GG,GG,GC,CC,TT,AA,GA,CC,CT,TG,AA,CC,CC,??,CC,AG,CC,CC,CA,TT,CA,AG,AG,TT,GG,GG,GT,AC,CT,GT,GC,GA,TT,GG,GG,GC,CC,CC,CG,GG,CA,AA,GT,AC,CG,GG,TT,CC,CT,AA,TT,AT,GG,TC,AA,TT,AA,AC,AT,AA,CC,AG,GG,AA,AG,TT,TT,CC,AT,CT,CC,GG,CG,TA,CG,AA,GG,AT,TA,??,AA,TT,TT,GC,??,CA,GG,CT,TC,AA,AG,GA,TT,CC,CG,TT,TT,CG,AT,CC,CC,TT,GT,TT,GG,GT
68,CG,??,TT,GT,CC,TC,GC,GG,TT,CG,TG,GG,GT,??,??,TG,GT,AC,TA,CC,CC,CC,??,AA,GG,AA,AA,AA,GG,CC,GA,CA,TT,??,TC,TC,GA,AA,CT,CA,AA,GG,AC,TG,TA,AC,CT,CA,TT,CT,AA,CG,CC,TT,AA,AA,AG,GA,GT,GC,AA,CA,CG,AT,AG,GT,??,CC,TG,TC,CT,??,TT,TT,AG,CC,CC,AC,GA,CA,GC,GG,TT,GA,CA,??,TG,CC,CT,CC,TA,GA,CC,??,TG,CA,TC,TT,CC,CC,AG,CC,CG,AA,TT,CC,AG,GG,CT,TG,GG,GT,CC,CT,TT,CC,??,CT,AA,AG,CC,AC,CG,CG,TG,CA,GA,??,AC,GG,GG,GG,GC,TT,AA,TA,AT,TT,CC,CC,TA,AA,AA,AT,AG,CA,GG,TT,TA,GG,TA,GG,GC,AT,CT,CT,GG,CG,TA,GG,??,GG,AT,TT,GG,AA,TT,TT,CC,GG,AA,AA,TT,TC,AC,AG,GA,GG,CC,CG,??,TT,CG,AA,CT,CT,TC,GT,TA,CG,GT
69,CC,??,??,GG,GC,TC,??,GG,AA,CG,TT,GG,GG,GC,CA,TT,GG,AC,AA,CA,AC,CT,AT,AC,CC,CC,TA,GA,AA,TC,GA,CA,TC,??,CC,TT,GA,AA,TT,CC,GG,CG,AA,TG,TA,AC,CT,CC,TA,CC,GA,CG,GG,CC,AA,TA,GG,AA,TT,GG,GA,AA,CG,AA,AG,??,GT,GC,GG,TC,CC,??,TA,TT,GG,TT,CA,AA,GG,CC,GC,GC,CT,GA,AA,GA,TG,GC,CT,CC,TA,GA,GG,CT,TT,CA,CC,TT,CT,AC,AA,GC,GG,AA,TT,CA,AA,AG,CT,??,CG,TT,CC,CC,GT,GC,AA,CC,GG,AG,GC,AC,CG,CG,GG,CC,GA,??,AC,CG,GG,GG,GG,CC,CC,AA,AT,GG,CC,CC,TA,AA,AC,AA,GG,CA,AA,GG,AA,GG,TT,GG,GC,AT,TT,TT,GG,CG,TT,CC,AA,AG,AT,AA,GG,AA,TT,TT,GC,TT,CA,AA,CT,TT,AC,AA,GA,GT,CC,CG,AA,TA,CC,AT,CT,CT,TC,GG,AA,CC,GG
70,CC,??,??,GT,GC,TC,??,GG,AA,GG,TT,??,TT,GG,AA,GG,??,AC,AA,CA,AC,CT,AT,AA,GG,CC,TA,GA,AG,TC,??,CA,TC,??,CC,TT,??,CA,TT,CC,AG,CG,AC,GG,AA,CC,TT,CC,??,??,AA,CG,CG,TT,AA,TA,AA,AA,GG,GC,GA,AA,CG,??,AG,??,GT,CC,TG,TC,CC,??,TA,TT,GG,TT,CC,AA,AA,AA,GC,GC,CT,??,AA,GA,GG,??,TT,CC,AA,GA,CC,TT,GG,AA,CC,TC,CT,AC,AA,GC,CC,CA,TT,AA,??,AG,CT,TG,CG,TT,AC,TT,GT,CC,GA,TT,AG,AG,CC,AC,CG,GG,GG,CA,GA,TT,AC,GG,??,GT,GG,CC,AA,TA,AT,TT,TC,AC,TA,AA,AA,AT,AA,CA,GG,GG,AA,GG,TA,TG,GC,AT,TT,CC,GA,CG,TA,CG,AA,AA,AT,AA,??,AA,TT,TT,GC,TT,CA,??,CT,TC,AC,AG,GG,GT,CC,CG,AT,TA,GG,??,CC,CT,??,GT,TT,GG,GT
71,CG,CG,TA,TT,GG,TC,CC,GG,TT,CG,GG,GG,GG,GC,CC,GG,TT,CC,AA,AA,AC,TT,TT,AC,CC,AC,TT,GA,AG,CC,GG,AA,CC,TT,TC,TC,GA,AA,CC,AA,AG,CC,AC,TT,TA,AC,TT,CC,??,??,??,CC,CG,TC,AA,TA,AG,GA,GT,GC,AA,CA,CC,??,AA,??,GT,CC,TG,TC,TT,??,AA,TT,AG,CC,AA,CC,AA,CC,GC,CC,CT,GG,CC,GA,GG,GC,CT,CC,TT,GA,CC,TT,TT,CC,TT,CC,TT,AC,GG,CC,CG,AA,TT,CA,GG,AG,CT,GG,CG,GG,CC,TT,TT,GC,GG,CC,GG,AA,GC,AA,CG,CG,TT,CC,GA,GT,CC,CG,GG,GT,GG,TT,AC,TA,TT,GG,CC,CC,TA,AA,AC,TT,AG,CC,AG,??,AA,GG,TA,GG,GC,AT,CC,CT,GA,GG,AA,CG,AA,AG,AT,TT,GG,AA,TT,TT,CC,GG,AA,AA,CT,TT,AC,AA,GG,GT,CC,CG,TT,AA,GG,AA,CT,CC,TC,GG,TA,CG,GT
72,??,??,??,TT,GC,TC,GC,GG,AA,GG,TG,GT,GT,CC,AA,GG,GT,AC,TA,CA,CC,CC,AT,AC,CC,AA,TT,AA,AG,TC,GG,AA,TT,TT,TC,CC,??,CA,CC,CA,AG,GG,AC,TT,TA,AC,CT,AA,??,TT,GG,CC,GG,TT,AA,TA,AA,GA,GT,GG,AA,CA,GG,AA,AG,TT,GT,CC,TG,TT,??,AT,AA,TT,AG,TC,CC,AC,??,CA,??,GG,TT,AA,CC,GG,TG,GC,CT,CC,TA,GA,CC,CT,??,CA,TC,TT,CC,AC,AG,GC,CG,CA,TT,CA,GG,AG,CT,??,CG,GG,AC,TT,GT,GG,AA,CC,AA,AG,GG,AC,CG,CG,TT,AA,GA,GT,AC,CC,TG,GG,GG,CT,AC,AA,AT,TG,CC,AC,TA,AA,AC,AT,AG,CA,AA,??,TA,??,TA,TG,GC,??,CT,CT,GA,CG,AA,CG,TA,AG,AT,TA,GG,AA,TT,TT,CC,GG,??,GA,CT,TC,AA,GG,GA,GT,CC,??,AA,TT,GG,AA,TT,CT,CC,TT,TA,CC,GT
73,GG,CG,TA,GT,GG,TC,CC,GG,AT,CC,TG,GT,TT,GG,CC,TG,GT,AC,TT,AA,AA,CT,AT,AA,GG,AA,TT,AA,GG,TC,GA,CA,TC,TT,TT,TC,GG,CA,CC,CA,AG,CC,AC,GG,??,AA,CC,CC,TA,CT,GG,GG,CG,TT,AA,AA,AA,GA,GG,CC,GA,??,CC,TT,AA,GT,GT,GG,TG,TC,CT,AT,AA,AA,AG,TC,CA,AC,GA,AA,GC,GC,CT,GG,CC,GA,TT,GG,CT,TC,AA,GA,CC,CT,GG,AA,TC,TC,TT,AC,AG,GC,CC,AA,??,CC,AG,GG,TT,GG,CG,??,AC,TT,GG,GG,GG,TT,AG,GG,GC,AC,CG,CG,GG,CA,GA,GG,CC,CG,TT,GT,GC,CT,AA,TA,TT,TG,CC,AC,TA,AA,AA,AT,AA,CA,GG,??,TT,GG,TA,TG,GC,TT,CC,CC,??,CG,TA,GG,TT,AG,AT,TT,??,AA,TT,TT,GG,GG,CA,GA,CT,TC,AC,AA,GG,GT,CC,GG,AT,TA,GG,AT,CT,CT,TT,GG,TT,CG,GT
74,CG,CC,AA,TT,GC,CC,CC,GG,TT,CG,TG,GT,GT,GC,CA,??,??,AC,TA,CA,AC,TT,AT,AC,CC,AA,TT,GG,AA,TC,AA,CA,TC,??,TC,TC,GA,CA,TT,CA,AG,CG,AC,GG,TA,AC,CT,CA,TT,CT,GG,GG,CG,TT,AA,TA,AA,GA,GT,GG,GA,CA,CG,AA,AG,GT,??,GC,TT,CC,CT,AA,AA,TT,AG,CC,CA,AC,GA,AA,GG,CC,CT,GA,CA,AA,TG,GC,CC,CC,AA,GG,CC,CT,TG,AA,CC,CC,CC,AA,AG,GC,CC,CA,TT,CA,AG,AG,TT,GG,CC,GT,AC,CT,GT,CC,GA,TT,AG,GG,CC,CC,CG,CG,GG,AA,AA,GT,CC,GG,TG,TT,GC,TT,AC,TT,TT,TG,TC,CC,TA,AA,AC,AT,AG,CA,AA,TG,TA,AG,TA,GG,GG,AA,TT,CC,GA,CG,TA,CC,TA,AG,AA,AA,CG,AA,TT,TT,GC,GG,CA,AA,CT,TC,CC,AG,GA,GT,CC,CC,TT,AA,CG,AT,CT,CT,TC,GT,TA,GG,GT
75,CC,CG,TT,GT,CC,CC,CC,GG,TT,CG,GG,GG,GT,GC,CA,TT,TT,AC,TA,AA,AA,CC,AT,CC,CG,AA,TT,GG,AG,TT,GA,AA,TC,??,TT,TC,AA,CC,CT,AA,AG,CC,AC,GG,AA,AC,CT,CA,TA,CT,GG,GG,GG,TT,AA,TT,AA,GA,TT,GC,GG,CC,CG,AT,AG,GT,GT,GG,GG,TC,TT,TT,AA,TT,AG,CC,CC,CC,AA,CA,GC,GG,CT,GA,CC,GA,TT,GC,CT,CC,TA,GA,CC,TT,GG,CA,TC,TC,CT,CC,GG,GC,GG,CC,TT,AA,AG,AA,TT,GG,CG,GG,AA,CC,GG,GG,GG,TT,AA,GG,GC,AC,CG,CG,GG,AA,AA,TT,CC,CG,TG,GT,GC,TT,CC,AA,TT,TT,TT,AA,TA,AA,CC,TT,GG,CA,AG,TG,TA,AA,TA,TT,CC,AT,CT,TT,GA,GG,TA,CG,TA,AG,AT,TA,GG,AA,TT,TT,GG,GG,CC,GG,CC,TT,AC,AG,AA,GT,CC,CG,AT,TT,CC,AA,CT,CT,TC,GT,AA,CG,GT
76,CC,GG,TT,TT,CC,TC,GC,GG,AA,CG,GG,GT,TT,GC,CA,GG,TT,AA,TA,CC,AC,CC,AA,AC,GG,CC,??,GA,GG,TC,GA,CC,TC,TT,TT,TC,GA,CA,TT,AA,AA,CG,CC,GG,TA,AC,CT,CA,AA,TT,AA,GG,CC,CC,AA,TA,GG,GG,GT,GC,GA,CC,CG,AT,AG,GT,GG,GC,TG,TT,TT,TT,AA,AT,AA,TT,CC,CC,AA,AA,CC,GG,CT,GA,AA,GG,TG,GC,TT,TC,AA,AA,CC,CC,GG,AA,CC,TC,TT,CC,GG,GC,CG,CA,TT,CA,GG,AG,CT,TG,GG,TT,AC,TT,GT,GC,GA,TT,AA,AG,GC,AC,CC,CG,GG,CA,GA,GT,AC,CG,TG,GT,GC,CC,AC,TT,AT,TT,TC,AC,AA,AA,AC,TT,AG,CC,GG,TT,TA,AG,AA,TG,CC,TT,TT,CT,AA,CC,AA,GG,TA,AA,TT,AA,GG,AA,TT,TT,GC,GG,CA,GA,CT,TC,AA,AG,GA,GG,CC,CG,AT,TT,GG,AT,CC,CT,TC,GT,TA,CG,TT
77,CG,CG,TA,TT,GC,TT,GG,GG,AA,CG,TT,GT,TT,GC,CA,GG,GG,AA,TT,CA,CC,CT,AA,AC,CG,AC,TA,AA,AG,CC,GA,CC,TT,TT,TC,TC,GA,CA,CT,CC,AG,GG,CC,TT,TT,AA,CC,CC,TT,TT,GA,CG,CG,TC,AA,AA,AG,GG,GT,GC,AA,CA,CG,AT,AG,GG,GT,CC,TG,TC,CC,AT,AA,AA,AG,TT,CA,AA,GG,AA,GG,GC,CT,GA,CA,GA,TG,GG,CC,TT,AA,GA,GG,CT,TT,CA,TC,TT,CT,AC,AA,CC,CG,CA,TT,CA,GG,GG,CC,TT,CG,GT,CC,TT,GT,GC,AA,CC,AG,AG,GG,AC,CG,CG,TT,CC,GG,GT,AA,CC,TT,TT,GC,CC,AC,AA,AA,TG,TC,CC,TT,AA,AC,AA,AG,CC,AG,TG,TT,AG,TA,GG,GG,AT,CT,CT,AA,CC,AA,CG,TT,GG,AA,TA,GG,AA,TT,TT,CC,GG,AA,AA,CT,TC,AC,AA,GA,GT,CC,CG,AA,TA,GG,AT,CT,CT,TC,GG,TA,CG,GT
78,CG,CG,TA,GT,GC,CC,CC,GG,AA,CG,TG,GT,GT,GC,CA,GG,GT,AA,TA,CA,AA,CT,AT,AC,CG,AC,AA,GA,GG,TT,GG,CC,TC,TT,TT,CC,GA,CA,CT,CA,AA,CC,AA,TT,AA,CC,CT,AA,TT,CC,AA,CC,GG,TC,AA,AA,AG,GG,GT,CC,GG,CC,CG,TT,AA,TT,GT,GG,TG,TC,CT,AT,TA,TT,AA,TT,CA,AC,GA,CA,GC,GC,CT,GA,CA,GA,TG,CC,CC,TC,TA,GG,CC,CT,TG,CA,TT,TT,CT,AC,AG,GG,CG,CA,TT,AA,AA,GG,TT,GG,CC,GT,AC,TT,GG,CC,GG,CC,AG,AA,GC,AA,CG,CG,TT,AA,AA,TT,CC,GG,TG,GG,GC,CC,AC,AA,TT,TG,TC,CC,TT,AA,AC,AT,AG,CA,AG,TT,TA,AA,TT,GG,GC,AT,CT,CT,GG,CC,TA,GG,TA,AG,AA,TT,GG,AA,TT,TT,GG,GG,CC,AA,CT,TC,AC,GG,GA,GG,CC,GG,AA,TA,GG,AT,TT,CT,TC,TT,TA,CC,GG
79,GG,GG,AA,GT,GC,TC,GC,GG,AA,CG,TT,TT,GG,GC,CA,GG,GT,??,TA,CA,AA,TT,TT,AC,GG,CC,TT,GA,GG,TC,AA,CA,TC,TT,TT,TC,GA,??,TT,CA,GG,CC,AC,TG,TA,AC,CT,??,AA,??,GG,GG,CC,CC,AA,TA,AG,GG,GT,GC,GA,CC,CG,AT,GG,GT,TT,GC,TG,CC,CT,AT,AA,AA,AA,TT,AA,AC,GA,CA,CC,CC,TT,GA,AA,??,TG,GC,TT,TT,TA,AA,CC,CT,TG,CA,CC,TT,TT,??,AG,GG,CG,AA,TT,CA,AG,AG,CT,TG,GG,TT,CC,TT,GT,GG,GG,CT,AG,GG,GG,CC,GG,GG,TG,CA,GA,GT,AC,CC,TG,GG,GG,CC,AC,TT,AT,GG,CC,CC,AA,AA,AC,AT,AG,CA,GG,GG,TA,??,TA,GG,GC,TT,TT,CT,GA,CG,TA,GG,TA,GG,TT,AA,GG,AA,TT,TT,??,GG,??,??,TT,CC,CC,AG,GA,TT,CC,CG,AA,AA,GG,??,CC,CT,TT,GT,TA,CG,??
80,GG,CG,TA,TT,GC,TC,GC,GG,AT,GG,TG,TT,GG,CC,CA,GG,GT,AC,TA,CA,AC,CT,AA,AC,GG,AA,TA,GA,AG,TC,GG,CA,TC,TT,TC,TC,GA,AA,CC,CA,AG,CG,CC,TT,TA,AC,CT,CA,TA,TT,GA,CC,CG,TC,AA,TA,AG,GA,TT,GC,GA,CA,CG,AT,??,GT,GT,GC,TG,TC,CT,AT,AA,AT,AG,TC,CA,AC,GA,CC,GC,GC,CT,GA,CC,GA,TG,GC,CT,TT,TT,AA,CC,CT,GG,CC,TT,TC,CT,AC,AG,CC,GG,AA,TT,CA,GG,AG,CT,TG,GG,??,CC,TT,GT,GC,GA,CC,AG,AA,GG,AA,CG,CG,TT,CA,GA,GT,AC,CC,TG,GT,GC,CT,AC,TA,AT,TG,CC,AC,TA,AA,AC,AT,GG,CA,GG,TG,TA,GG,AA,TG,GC,AT,CC,TT,AA,CG,AA,CG,TA,AG,AT,TT,GG,AA,TT,TT,GC,GG,CA,GA,CT,CC,AC,AG,GA,TT,CC,CG,AT,TA,GG,AT,CT,CT,CC,GT,TA,CC,TT
81,GG,CG,TA,GT,GC,TC,CC,GG,AT,CG,TG,TT,GT,GC,CA,TG,GT,AC,TA,CA,AA,CT,AT,CC,GG,AC,TA,GA,GG,CC,GA,CA,TC,??,TT,TT,AA,CA,CT,CA,AG,CC,CC,TG,AA,CC,CT,CA,TA,TT,GA,CG,CC,CC,AA,AA,GG,GG,TT,CC,AA,CC,CG,TT,GG,GG,??,GG,TG,TC,CT,AT,TA,TT,AA,TC,CA,AC,GA,CA,GC,GC,CT,GA,CA,GA,TG,CC,CT,CC,TA,AA,CC,CT,TG,CA,TC,TC,CT,AC,AG,CC,CG,CA,TT,AA,AG,GG,TT,GG,GG,GT,AC,CT,GT,GC,GG,CT,AG,AG,CC,AC,CG,CG,TG,CA,GA,TT,CC,GG,TG,GT,GC,CT,AA,TT,TT,TG,TC,AA,TA,AA,CC,AT,AG,CA,GG,TG,TA,AG,AA,TT,GC,AT,CT,CT,AA,CG,TA,GG,TA,AG,AT,TA,CC,AA,TT,TT,CC,GG,AA,GG,CT,CC,AC,AG,AA,GT,CC,GG,AT,TA,CG,TT,CC,CT,TC,GT,TA,CG,TT
82,GG,CG,AA,GT,GC,TT,CC,GG,TT,GG,GG,GT,GG,CC,CA,TG,TT,CC,AA,CA,AC,TT,TT,AC,CG,AC,TT,GA,AG,TC,GG,AA,TC,TT,CC,TC,GA,CA,CT,AA,AG,CG,AC,TG,AA,AC,TT,CA,TA,CT,GG,CC,CC,TT,AA,TA,AA,AA,GT,GC,GA,AA,CG,AT,GG,GT,GT,GC,TG,CC,TT,AT,TA,AT,GG,CC,AA,CC,AA,CC,GC,CC,CT,AA,CA,AA,TT,GC,CT,TT,TT,GA,CC,CT,TG,CC,TT,TC,CT,AC,GG,GC,CG,CA,TT,AA,AG,AG,CT,TG,CG,GT,AA,CT,GT,GG,GA,CT,GG,AA,GG,AA,GG,CG,TG,CC,GG,GT,AC,CC,GG,GT,GC,TT,AC,TA,TT,GG,TC,AC,TA,AA,AC,TT,AG,CA,AG,TG,AA,AG,AA,TG,GC,AT,CT,CT,GA,GG,TA,CG,AA,AG,AT,TA,GG,AA,TT,TT,GC,TT,CA,GA,CT,TC,CC,AG,GA,GT,CC,CG,TT,AA,CG,AT,CT,CT,CC,GT,TA,CG,TT
83,CG,CC,TA,GT,GG,TT,GG,GG,AA,CC,TT,GT,GG,GG,CC,TG,GG,AA,TA,CC,CC,CT,AT,AC,GG,AC,TA,GG,GG,CC,GG,CC,TC,TT,TC,TC,GA,CA,CT,CC,AG,GG,AC,GG,AA,CC,CT,CC,TT,CT,GA,CC,CC,TC,AA,TT,GG,GA,GT,GC,AA,CA,CC,AT,AG,GG,GT,CC,TT,TC,CC,AA,AA,AT,AG,TT,CA,AA,GG,CC,GG,GC,TT,GG,CA,GA,GG,CC,CC,TC,TT,GA,GG,CC,TG,CC,TT,TC,CC,AA,AA,CC,CG,CA,TT,CA,AG,AA,CC,TT,CG,GT,AC,CT,TT,GC,AA,TT,AG,AA,GC,AA,CG,CC,GG,CC,GG,GT,AA,CG,TG,GT,CC,CC,AA,TT,AA,TG,TC,AC,TT,AA,AC,AA,AA,CA,GG,TG,TA,AG,TT,TG,GG,AA,CT,CT,GA,CC,TA,GG,TA,AA,AA,TT,GG,AA,TT,TT,CC,GG,AA,GA,TT,TC,AC,AA,GA,GT,CC,CG,AA,TA,CG,AT,CC,CT,TC,GG,TT,GG,GG
84,CC,GG,TT,GT,GC,CC,CC,GG,AA,CC,TT,TT,GT,GC,CA,TG,GT,AC,AA,CA,AA,CC,AA,AC,CG,AC,AA,GA,GG,TT,GG,CA,CC,TT,CC,CC,GA,AA,CT,CA,AG,CG,AA,GG,TA,AA,TT,AA,AA,CT,AA,CC,CC,TC,AA,TA,GG,AA,GT,CC,GG,AA,CG,TT,AA,TT,GT,GC,GG,TT,CC,TT,AA,AT,GG,TT,CC,AC,GG,CA,CC,GG,CT,GA,CA,GG,TG,GG,TT,TC,TT,GA,CC,CT,GG,CC,TT,TT,TT,CC,AA,GC,CG,AA,TT,CA,AG,AG,TT,GG,CG,GT,CC,CT,GT,GC,GA,TT,AA,AA,GC,AA,CC,GG,GG,AA,AA,GT,CC,CG,GG,TT,GG,CC,AA,TT,AT,TG,CC,CC,AA,AA,AC,AA,AG,CA,GG,TG,AA,GG,TT,GG,CC,TT,CT,CT,GG,CG,TA,GG,AA,GG,TT,TA,GG,AA,TT,TT,GC,TT,CA,AA,CT,TC,AA,GG,GA,GT,CC,GG,AA,TT,CG,TT,CC,CT,TT,TT,TT,GG,GG
85,GG,CG,TA,GT,GC,TT,GC,GG,AA,CG,TG,GT,GT,GC,CA,GG,??,AC,TA,CC,AA,CT,??,AC,CC,AC,TT,GG,AA,TT,GG,AA,TC,??,TT,TT,GA,CA,CT,CA,GG,CC,AC,TG,TA,AC,CT,CC,TA,CT,GG,CC,CG,TC,AA,TT,GG,GA,TT,??,GG,CA,CG,AA,AG,GG,TT,GG,TG,TC,CT,AT,TT,AT,AG,TC,CA,AC,AA,CC,GC,GC,CT,GA,CA,GA,TG,GC,CT,TC,TT,GG,CC,CC,TG,CC,TC,TC,CC,??,AG,GG,CG,CA,TT,CA,AG,AA,CC,TG,CC,GT,AC,TT,GT,GG,GG,CT,AG,AA,CC,AA,??,CG,TG,CC,GG,GT,AC,GG,TG,GT,CC,CT,AC,TA,AT,TG,CC,AA,TA,AA,AC,TT,AG,CC,AG,GG,TA,GG,TA,TG,GC,AA,CT,CT,GA,GG,AA,CC,TA,GG,AT,TA,GG,AA,TT,TT,GG,GG,CC,GG,CT,TC,AC,AA,AA,TT,CC,CC,AA,TA,GG,AT,CT,CC,TC,GG,TA,CG,GT
86,CG,GG,TA,GT,GC,TC,CC,GG,AT,CG,TG,GT,GG,GC,CA,TG,GT,??,AA,CA,AC,CC,AT,AA,CG,AC,AA,GG,AG,TC,AA,CA,TC,??,CC,TC,GG,??,TT,CA,AA,CG,AC,GG,TT,AA,CT,??,AA,??,AA,GG,CC,TC,AA,AA,AG,AA,GG,CC,GA,AA,CG,AT,AG,GT,GG,GC,TG,TC,CT,AT,TA,TT,GG,TC,CC,AC,GA,??,CC,GG,CT,GA,AA,??,TG,GG,TT,CC,TT,AA,CC,CT,GG,CA,CC,TC,TT,??,AG,GC,CC,AA,TT,CC,AG,GG,TT,GG,CG,TT,AC,CT,GT,CC,AA,TT,AA,GG,CC,CC,CG,CG,TG,CA,GA,GG,CC,GG,GG,GT,CC,CT,AC,TT,TT,TT,CC,AC,AA,AA,AA,AT,AG,AA,AG,TT,AA,GG,TA,TT,GC,TT,TT,CT,GA,CG,TA,CG,AA,AA,TT,AA,GG,AA,TT,TT,GC,TT,??,??,CT,TC,AC,AA,GG,GG,CC,GG,AT,TT,CG,??,CC,CT,TC,GG,TA,CG,GT
87,CG,CC,AA,GT,GG,CC,CC,GG,TT,CG,TG,TT,GG,GC,CC,TG,GT,CC,AA,AA,CC,CT,TT,AC,CG,AC,AA,GA,GG,CC,AA,AA,CC,TT,CC,CC,GA,CC,CT,CA,AG,GG,AC,TT,TA,AC,CT,AA,TA,CT,AA,CG,GG,TC,AA,TA,GG,AA,GT,CC,AA,AA,CC,TT,AG,TT,GT,CC,TG,CC,TT,AT,AA,AA,GG,CC,CA,AC,AA,CC,GG,CC,CT,GA,CA,AA,TG,GC,CT,TT,TT,GG,CC,TT,TG,CA,CC,TC,CC,AC,AG,GC,GG,CC,TT,CA,AG,AG,TT,GG,CC,GT,AA,CT,GT,CC,AA,CC,AG,AG,GG,AC,GG,CG,TT,AA,AA,GT,CC,CG,GG,GT,??,CT,CC,TA,AT,TG,TT,AC,TA,??,AC,TT,GG,AA,AG,TG,AA,AG,??,TG,GC,AT,CT,TT,GA,GG,TA,GG,TA,AG,AT,TA,GG,AA,TT,TT,CC,TT,AA,GA,CT,TC,CC,GG,GA,GT,CC,GG,AT,TA,CG,AT,CT,TT,TC,TT,AA,CC,GG
88,GG,GG,TT,TT,GG,TC,GC,GG,TT,CG,GG,GT,TT,GG,CC,GG,GT,AC,TA,CA,AC,CT,AA,AC,GG,AC,TT,GA,GG,TT,GA,CA,TC,TT,CC,CC,GA,CA,CT,CA,AG,CC,AC,TG,TA,AC,CC,CA,AA,CT,GG,CG,CG,TC,AA,TA,AG,GA,GT,CC,GG,AA,CC,TT,AG,TT,GG,GG,TT,TT,CT,AA,AA,AT,GG,CC,CA,AC,AA,AA,CC,GC,CC,GG,CA,GG,TT,GC,TT,TC,TA,GA,CC,CT,GG,CA,TC,CC,TT,AA,AG,GG,CG,CA,TT,CA,GG,AG,CT,TG,CG,GT,AC,TT,GG,GG,GA,CT,AG,AG,GC,AC,CC,CC,TG,CA,GA,GT,AC,CG,TG,TT,GG,TT,AC,TA,AT,TG,TC,CC,AA,AA,AC,TT,AG,CC,GG,TG,TA,GG,TA,GG,GG,TT,CT,CT,GA,CG,AA,GG,TT,AA,TT,TA,GG,AA,TT,CT,GG,TT,CC,AA,CC,TC,AA,AG,GA,GG,CC,GG,TT,TA,GG,AA,CT,CT,TC,GT,TA,CC,GT
89,CG,GG,TA,GT,GC,TT,??,GG,TT,GG,GG,GT,GG,CC,CA,TT,TT,AC,TT,AA,AC,TT,AA,AA,CG,CC,TT,GA,AG,TC,GA,AA,TC,TT,TT,TT,GG,CC,TT,AA,AA,GG,AC,TG,TT,AA,CT,CC,AA,CT,GG,CC,CC,TC,AA,TA,AG,GG,GG,GC,GA,CC,GG,AT,GG,GG,GG,GC,TG,TT,TT,AT,AA,AT,AA,CC,AA,CC,AA,CC,CC,GC,CT,AA,AA,GA,TG,GG,CT,TT,TT,AA,CC,TT,TG,CC,TC,CC,TT,AC,GG,CC,CC,CC,TT,CC,AG,AG,CC,TT,GG,TT,AA,CC,GT,GG,GA,CT,GG,AG,??,AC,CC,CC,TG,CC,GG,GG,AA,CC,TT,TT,GC,TT,AA,TA,AA,TG,TT,AA,TA,AA,AA,TT,AA,CC,AG,TT,TT,AA,AA,TT,GC,TT,TT,CC,GA,GG,TA,CG,TT,AA,TT,AA,CC,AA,TT,TT,GC,GG,CA,GG,CT,TC,AA,AA,GG,GG,CC,GG,TT,AA,CC,AT,TT,CT,CC,GG,TT,CG,??
90,CG,CG,TA,GG,CC,TC,GG,GG,AT,CG,TG,TT,GT,CC,AA,??,GT,AA,TT,CC,CC,CT,AT,CC,GG,CC,TA,GA,AG,CC,AA,CC,TT,TT,TC,TC,GA,CC,TT,CC,AG,GG,AA,GG,AA,CC,CC,CA,TT,CC,GA,GG,CG,CC,AA,AA,GG,GG,GT,GC,AA,CC,GG,AT,AA,GT,GT,CC,GG,TC,CC,TT,AA,AA,AA,TC,CA,AC,GG,AA,GC,GC,TT,AA,AA,GA,TT,CC,CC,TC,AA,AA,GG,CC,GG,AA,CC,CC,TT,CC,AA,CC,CG,CC,TT,AA,AA,GG,CC,TT,GG,TT,AA,CC,GG,GC,GG,TT,AG,GG,GC,CC,CG,GG,GG,CA,GA,TT,AA,CC,TT,TT,GC,CT,AC,TA,AA,TG,TT,AA,TT,AA,CC,AA,AG,CA,GG,TG,TT,AA,TT,TT,CC,AT,TT,CT,GG,CC,TT,CG,TT,AG,AA,AA,GG,AA,TT,TT,CC,GG,AA,GG,TT,CC,AC,AG,GA,GT,CC,CG,TT,TA,CC,TT,CT,CT,TT,GT,TA,GG,GG
91,CC,CG,TT,TT,CC,TC,GC,GG,AT,GG,TG,GT,TT,CC,AA,GG,GT,CC,TT,??,AA,CC,??,AC,CG,CC,TA,GA,AA,TC,GA,AA,CC,TT,TT,TT,GA,AA,TT,AA,AG,CG,CC,GG,TA,AC,CC,CA,TA,TT,GA,CG,CG,CC,AA,TA,GG,GG,GT,GG,GA,CC,GG,AA,AA,GG,GT,GC,GG,TT,TT,TT,AA,AT,AA,TC,CC,AC,AA,AA,GC,GG,CC,??,AA,GG,TT,GC,CT,TC,TA,AA,CC,TT,TG,CA,TC,TC,CT,CC,GG,GC,CG,AA,TT,CA,GG,AG,CT,TG,CG,TT,CC,TT,GG,CC,GG,TT,AG,AG,GC,AC,CC,GG,GG,CA,GA,GT,AC,CG,TT,GT,CC,CT,AC,TA,AT,TG,CC,CC,TA,AA,AC,TT,AG,CC,AG,TG,TT,GG,TT,GG,CC,AA,TT,CT,AA,CG,AA,CC,TT,AG,AT,TA,CC,AA,TT,TT,GC,GG,CA,AA,CC,TT,AA,AG,GA,GT,CC,CC,AT,TT,GG,TT,CT,CC,CC,GT,TA,GG,GT
92,CC,CG,TA,GT,CC,TC,GC,GG,AA,GG,TT,GG,TT,CC,AA,GG,GG,AA,TA,CC,AC,CT,??,AA,CG,AC,TA,GA,AG,TC,GA,CC,TC,TT,TC,TC,GG,CA,??,CC,AG,CG,AC,TT,AA,CC,CT,CA,TA,CT,??,CG,CC,TC,AA,TA,AG,GA,GG,CC,GA,CA,GG,TT,GG,GT,GT,GC,GG,TC,CC,TT,AA,AA,AG,TT,CA,AA,GG,CA,GC,GC,TT,AA,CA,GA,TG,CC,CT,TT,TA,GG,GG,CC,TG,??,TC,??,CT,CC,AA,GC,CC,CA,TT,CC,AG,AG,CT,TG,CC,GT,AC,CT,GT,GC,GA,CT,AG,??,GC,AC,CG,GG,TT,CA,GA,GG,AC,CG,TG,GG,GC,CC,AA,TA,AT,TG,TC,CC,TA,AA,AA,AA,AA,CA,AG,TG,TA,AG,??,GG,CC,AT,CT,CC,GA,CC,TA,GG,TA,GG,AT,TA,GG,AA,TT,TT,GC,GG,CA,AA,TT,TT,AC,AG,GG,GT,CC,GG,AA,TA,CG,AA,CT,CC,CC,GT,TT,CG,GT
93,CG,GG,TA,GT,GC,TC,GG,GG,TT,CG,GG,GT,GT,GC,CA,TG,TT,??,TA,AA,CC,CC,AT,AC,CC,CC,TA,GG,AG,CC,GA,AA,TC,TT,TC,TC,GA,??,TT,AA,AA,GG,CC,GG,TA,AC,CT,CA,AA,??,GA,CG,CG,CC,AA,TT,GG,GA,GT,GC,AA,CA,CG,AT,??,GT,GG,CC,TG,TT,TT,AT,AA,AA,AG,CC,CC,CC,AA,CA,CC,GG,CT,GA,AA,??,TG,GC,TT,TT,TA,GA,CC,TT,TG,CA,TC,CC,CT,??,GG,CC,CG,CA,TT,CA,AG,AA,CC,TT,CG,TT,AC,CC,GT,GC,AA,CT,AA,AG,GG,AC,CC,CG,GG,CA,GA,GT,AA,CG,TG,TT,GC,TT,AC,AA,AA,TT,TC,AA,AA,AA,AC,TT,AG,CA,AA,TT,TA,AG,AA,TT,GC,AT,CT,CT,AA,GG,TA,CG,TA,AA,TT,TA,CG,AA,TT,TT,CC,GG,??,??,CT,TC,AA,AG,GA,GG,CC,CG,TT,TT,CC,??,TT,CT,TC,GT,TA,GG,TT
94,CG,GG,TA,GG,GG,TT,CC,GG,AT,CC,GG,TT,TT,GG,CC,TT,TT,AA,TT,CC,AC,CT,AT,CC,CC,AC,AA,GA,AA,TC,GA,CC,CC,TT,TT,TT,AA,AA,CT,AA,GG,CG,AA,TT,TA,AC,CC,CC,AA,CC,AA,CG,CG,TC,AA,TA,AA,GG,TT,GG,GA,CC,CC,AA,AG,GG,TT,GC,??,TC,TT,AT,AA,AA,AA,CC,CA,CC,AA,AA,CC,GC,CT,GG,CA,GA,TG,GC,TT,TT,AA,GA,CC,CC,TT,CA,TC,TC,TT,AA,GG,CC,GG,AA,TT,AA,AA,AG,CT,TG,CG,GT,CC,CT,GT,??,GA,CC,AG,AG,GG,AC,CG,GG,TT,CC,GG,TT,CC,CC,TT,GT,CC,TT,AC,TA,TT,TG,CC,AC,AA,AA,CC,TT,AG,CA,AA,GG,TT,GG,TA,TG,GC,TT,CT,CT,GG,CC,TT,CC,TT,GG,TT,TA,GG,AA,TT,TT,GC,GG,CA,GA,CT,CC,AC,AA,AA,TT,CC,CC,AT,TA,CG,TT,CC,CT,TT,GG,TA,CC,GT
95,CC,CC,AA,GT,GC,TC,GC,GG,AT,CG,TG,GG,GG,GC,CA,TG,??,AC,TT,CA,AC,CT,TT,AC,CC,AC,TA,GA,AA,CC,GA,CA,TC,TT,TT,TT,GA,CC,CC,CC,AA,CG,AC,TG,TT,AA,CT,CC,TT,CT,GG,CG,GG,TC,AA,AA,AG,??,GT,GG,AA,CC,CG,AA,AA,GG,GG,CC,TG,CC,CC,AT,TA,AA,AA,TC,CA,AC,GG,CC,GG,GC,CT,GA,CA,AA,TG,GG,CC,TT,TT,AA,CC,CT,TT,CA,TC,TC,CC,AC,AA,CC,CG,CC,TT,CA,AG,GG,CT,TG,GG,GT,AA,CT,GT,GG,??,CC,AA,AG,GG,AC,GG,CC,TG,CC,GA,GT,AC,CC,TT,GT,CC,CT,CC,AA,AT,TT,TT,AA,TT,AA,AC,AT,GG,AA,AA,TT,TT,AA,TA,TT,GC,AA,CC,CT,GA,CG,TA,CC,TA,AA,AA,TT,GG,AA,TT,TT,CC,GG,AA,GG,TT,TT,CC,AA,GA,GG,CC,CC,AT,TA,CG,AA,CT,CT,TC,GG,AA,CG,TT
96,CC,CC,TA,GG,GC,CC,CC,GG,AA,CG,TT,GT,GG,GC,CA,TT,GG,AA,TA,CA,AC,CT,TT,AC,CG,CC,AA,GA,AG,TC,GG,CC,TC,TT,TT,TC,GA,CA,CT,CC,AA,CG,AA,TT,TT,AA,CT,AA,TT,CC,AA,CC,CG,CC,AA,AA,GG,GG,GT,GC,GA,CC,CG,AT,AA,TT,GT,GC,TT,TC,CC,AA,TA,AT,AA,TT,CA,AA,GG,CC,GG,GC,TT,GA,CA,GA,GG,GG,CC,TC,TT,AA,GG,CT,TG,CC,TC,TT,CC,AA,AA,GC,GG,CA,TT,CA,AA,GG,TT,GG,GG,GT,AC,CT,GT,CC,GA,CT,AG,AA,GC,AA,CG,CC,TT,AA,AA,GT,CC,CG,TT,GG,GC,CC,CC,TA,TT,TT,TC,AC,TT,AA,AC,AA,GG,AA,AG,TT,TA,AG,TT,TG,GG,AA,CC,TT,GG,CC,TT,CG,TA,AG,AA,TA,GG,AA,TT,TT,GC,GG,CA,GA,TT,TC,AC,GG,GA,GT,CC,CG,AA,TA,CG,AT,CT,TT,TC,TT,AA,CC,GG
97,GG,CG,TA,??,GC,TT,GG,AG,AA,CG,TT,GT,GT,GC,CA,??,GT,AC,AA,CC,AC,CT,AT,AA,CG,CC,TA,GA,AG,TT,GA,CA,TT,TT,TC,TC,GG,??,TT,CA,AA,??,AA,TG,??,??,TT,??,??,??,GA,CG,CC,CC,AA,TA,GG,AA,GG,GC,GG,AA,CG,AT,??,GT,GT,GG,TG,TC,CT,AT,AA,TT,GG,TT,CA,AA,GA,AA,GC,GC,CT,GA,AA,GA,GG,GC,CT,CC,AA,GG,CC,CC,TG,AA,CC,TT,CT,AC,AG,??,CC,CC,TT,CC,AA,AG,CC,??,CC,TT,AA,CT,GT,GC,GA,TT,AG,AG,GC,AC,CG,CG,TG,CC,GG,??,AA,CG,GG,GT,??,CC,AA,TA,??,TG,TT,AC,TA,AA,AA,AT,AA,CA,AG,TG,AA,AG,TT,TT,GC,AT,TT,CC,GG,CG,TT,CG,AA,AG,AT,AA,GG,AA,TT,TT,GG,TT,CC,GA,CT,CC,AC,AG,GG,GG,CC,CG,AA,TA,CG,AT,TT,CT,TC,??,TT,CG,GG
98,CC,GG,TA,GT,??,CC,GC,GG,AA,??,TT,GG,GG,GG,??,TG,GG,AC,TA,AA,AA,CT,AT,AC,GG,AC,TA,GA,GG,TT,GA,CC,CC,TT,TT,TC,GA,CA,CC,CC,AA,CG,AC,GG,TA,AC,CT,AA,AA,CT,GA,CG,CG,TC,AA,TA,AG,GA,GT,CC,GG,CA,CC,TT,AA,GT,GG,GC,TG,TC,CC,AT,AA,AT,AG,TT,CC,AA,GG,CA,CC,GC,CT,GG,CA,GA,TG,GC,??,TC,TA,GA,GG,TT,GG,CA,TC,TC,TT,AC,AA,GG,CG,CA,TT,CA,AG,AG,CT,TG,CG,??,AC,CT,TT,CC,GG,TT,AA,AG,CC,AC,CG,CC,GG,AA,AA,GT,AC,GG,TG,GT,GG,CC,AC,TT,AT,TT,TC,AA,AA,AA,AC,AA,AG,CA,GG,TT,TA,AG,TT,TG,GC,TT,CC,CT,GG,CG,TA,GG,TA,AA,TT,TA,GG,AA,TT,TT,GC,GG,CC,GG,CT,TT,AC,GG,GA,GG,CC,GG,AA,TT,CG,AA,CC,CT,??,TT,TA,GG,GG
99,GG,CG,TA,GG,GG,TC,GC,GG,AT,CC,TG,TT,GT,GG,??,TG,GT,AC,TA,CA,AC,CT,TT,AC,GG,AC,TT,GA,GG,TC,GA,AA,TC,TT,TT,TT,AA,CA,CT,AA,GG,CG,AA,GG,TA,AC,CT,CC,TA,CC,GG,CC,GG,CC,AA,TA,GG,GG,TT,CC,GA,CC,CC,TT,AG,GG,GT,CC,TG,TC,TT,AT,TA,AA,AA,TC,CA,AC,AA,CA,GC,GC,CT,GG,CA,GA,TG,GC,CT,TT,TT,GA,CC,CT,GG,CC,TC,TT,CT,AC,GG,GC,GG,CA,TT,CA,AA,AG,CT,TG,CG,GT,AC,CT,GT,GC,GA,TT,AG,AA,GG,AA,GG,CG,GG,CC,GA,GT,AC,CC,TG,GG,GC,CT,CC,AA,AT,GG,TC,AA,TA,AA,AC,TT,GG,AA,GG,GG,TA,AG,TA,TG,GC,TT,CT,TT,GA,GG,TT,GG,TA,??,AT,TT,GG,AA,TT,TT,CC,GG,CA,GG,CT,CC,AC,AA,AA,GT,CC,GG,AA,TA,CG,TT,CT,CT,TT,GG,AA,GG,GT
100,CG,GG,TT,GT,GC,TC,GG,GG,TT,GG,TG,GT,TT,GC,CA,TG,GT,AA,AA,CA,CC,CC,AT,AC,GG,AA,TA,GG,GG,CC,GA,CC,TT,??,CC,CC,GA,AA,CT,CC,AG,GG,AC,TG,TA,AC,CT,AA,AA,CT,GA,CG,CG,TT,AA,TT,AG,AA,GT,CC,AA,AA,CG,TT,GG,TT,GG,CC,TG,TC,CC,AT,TA,TT,GG,TC,CC,AC,GG,AA,CC,GG,CT,GA,CA,GA,TG,GC,TT,CC,AA,AA,CC,CT,TG,CA,TC,CC,TT,AC,AA,CC,CG,AA,TT,CA,AG,AA,CT,TT,GG,GT,CC,TT,GT,CC,AA,CT,AA,AG,CC,AC,CG,CG,TG,AA,GA,GT,AA,GG,GG,TT,GC,CT,AC,AA,AA,TG,CC,CC,AA,AA,AC,AA,AG,CA,AG,TG,AA,GG,AA,GG,GC,TT,CT,CT,GA,CC,TA,GG,AA,AA,TT,TA,GG,AA,TT,TT,CC,TT,AA,AA,CT,TC,AC,GG,GA,GG,CC,GG,TT,TT,GG,AT,TT,CT,CC,TT,TA,CG,GT
101,GG,CG,TA,TT,GG,TT,GG,GG,AA,GG,TT,TT,TT,GG,CC,GG,GG,AA,TT,CC,AC,CT,AT,AC,GG,AC,TA,GA,AG,TC,GA,CC,TT,TT,TT,TC,GA,??,CT,CC,AG,CG,AC,TG,TA,AC,CC,CA,AA,??,AA,CG,GG,TC,AA,TT,AG,GG,GT,GC,GA,CC,CC,AT,AA,GT,TT,GC,TG,TC,CC,??,TT,AT,AA,TT,CA,AA,GG,AA,GC,GC,TT,GG,CA,??,TT,GC,TT,TC,AA,GA,??,CC,TG,AA,TC,TC,CT,??,AA,GC,CG,AA,TT,CA,GG,AA,CC,TT,CG,GT,CC,TT,GT,CC,GA,CT,AG,AG,GC,AC,CG,GG,TG,CA,GG,GT,AA,CG,TT,GT,GG,CC,CC,AA,AA,TG,CC,AA,AA,AA,AC,AA,GG,CA,GG,TG,TT,GG,TA,TT,GG,AT,CT,CT,GA,??,AA,CG,TT,AG,TT,TA,GG,AA,TT,TT,GC,GG,??,??,TT,CC,AC,AG,GA,TT,CC,CG,AT,TA,GG,??,TT,TT,CC,GT,AA,CG,GT
102,CG,CG,TA,GG,CC,TC,CC,GG,TT,CC,GG,GT,GG,GC,AA,TT,TT,CC,AA,CA,AC,TT,AT,AC,CG,AC,TA,AA,AG,TC,GA,AA,TC,TT,CC,TC,GA,CA,CT,AA,AG,CG,AA,TG,TT,AA,TT,CA,TA,CC,GA,CG,CG,TC,AA,AA,AA,AA,GT,GC,GA,AA,GG,AT,AG,??,??,GC,??,TC,TT,TT,TA,AT,GG,CC,AA,CC,AA,CA,GC,GC,CT,GA,CA,GA,GG,GG,CT,TC,TA,GA,CC,CT,TG,CA,TC,TC,CT,CC,GG,GC,CG,CA,TT,CA,AA,GG,CT,TG,CG,GT,AC,CC,TT,GC,GA,CT,GG,AG,GC,AC,CG,CG,TG,CA,GA,GT,AC,CG,GG,GT,CC,TT,AC,TA,TT,GG,TT,AC,TA,AA,AC,TT,AG,CA,AG,GG,AA,AA,TA,TG,CC,AT,CT,CT,GG,GG,TT,CG,??,AG,AT,TA,GG,AA,TT,TT,GC,TT,CA,GA,CT,TC,AC,AG,GA,GT,CC,CG,AT,AA,CC,AT,CT,CT,TT,GT,TA,CG,GG
103,CC,CC,AA,GT,GC,TT,GC,GG,AT,GG,TG,GG,GT,GC,CA,TG,GT,AC,TT,CA,CC,TT,AT,CC,CG,AA,TT,AA,AG,TC,GG,CA,TC,??,TC,TT,AA,CA,CC,CA,AG,GG,AC,GG,TT,AA,CC,CC,TT,CT,GA,CG,CG,TT,AA,AA,AA,GA,TT,GG,GA,CA,CG,AA,GG,GG,GT,CC,TG,CC,CT,AT,AA,TT,AG,TC,AA,AC,GA,CA,GG,CC,CC,GA,CC,AA,TT,GG,CT,CC,TA,GG,CC,CC,TG,CA,TT,TC,CC,AC,AG,GC,GG,CA,TT,AA,AG,GG,CC,TT,CG,??,CC,CT,GG,GC,GA,CT,AG,AA,GC,AA,GG,CG,GG,CC,GG,TT,AC,CG,TT,GT,GC,CT,CC,TA,AT,TG,TC,CC,TA,AA,CC,AT,GG,CA,AG,TG,TT,AG,TA,GG,GC,AA,CC,TT,GA,CG,TA,CG,TT,AG,AT,TT,GG,AA,TT,TT,CC,GG,CA,AA,CC,TT,CC,AA,AA,GT,CC,CC,AT,AA,CG,AA,CT,CT,CC,GG,AA,GG,GT
104,CG,CC,TA,TT,CC,TT,GG,GG,TT,GG,GG,GT,TT,CC,AA,GG,TT,AC,TA,CA,AA,TT,AT,CC,CG,AC,TT,GA,AG,TT,GA,CA,TC,TT,TC,TC,AA,CA,??,AA,GG,CC,CC,GG,TA,AC,CT,CC,TT,TT,GG,CG,GG,TC,AA,TA,AG,GA,TT,GG,GG,CA,GG,AA,AG,GT,GT,GG,TG,TC,TT,TT,TA,AT,AG,CC,AA,CC,AA,AA,GG,CC,CT,AA,CA,GA,TT,GC,CC,TC,AA,AA,CC,CT,??,CA,TC,TC,CC,CC,GG,GC,GG,CA,TT,CA,GG,AG,CC,TT,CG,GT,AC,TT,GG,GC,GA,CT,GG,AG,GC,AC,CG,CG,GG,CC,GG,TT,AA,CG,TG,GT,GC,TT,CC,AA,AT,GG,TC,AA,TT,AA,CC,TT,GG,AA,AG,GG,TA,AG,AA,TT,CC,AA,CT,TT,AA,CG,AA,CC,TA,AG,AA,TA,GG,AA,TT,TT,GG,GG,CC,GG,CT,TC,AC,AA,AA,TT,CC,CC,AT,AA,GG,AT,TT,TT,CC,GG,AA,GG,TT
105,GG,GG,AA,GT,GC,TT,GC,GG,AA,CG,TG,TT,GG,GC,CA,TG,GT,AC,TA,CC,AC,TT,TT,AA,CC,AC,TT,GA,AG,TC,GA,CA,TT,TT,TC,TT,GG,CA,CT,CA,AG,CG,AC,TT,TT,AC,CT,CC,TT,CT,GG,CG,CG,TC,AA,??,AG,GA,GG,GC,GA,CA,CG,AT,GG,GG,GT,GC,TG,CC,CT,AT,TT,AA,AG,TC,AA,AC,GA,CC,GC,CC,TT,GA,AA,AA,GG,GC,CC,TT,TT,AA,CC,CT,TT,CA,TC,TC,TT,AC,AG,GC,CG,CA,TT,CC,AG,AG,CC,TT,CG,TT,AC,CT,TT,GG,GA,CC,GG,AG,GG,AC,GG,CG,TT,CC,GG,GG,AA,CC,TG,GT,GG,CT,AC,AA,AT,TG,TC,AA,TT,AA,AA,AT,AG,AA,AA,TG,TA,AG,AA,TT,GC,TT,CT,CT,GA,CG,TA,CG,TA,AG,AA,TA,GG,AA,TT,TT,GC,GG,CA,GG,TT,CC,CC,AA,GG,GT,CC,GG,AA,AA,CG,TT,TT,TT,TC,GG,TA,CG,TT
106,CG,CC,TT,GT,GC,TC,CC,GG,AT,GG,GG,GT,GT,GC,CA,TG,TT,CC,AA,AA,AC,CT,??,AC,CG,AA,TA,GG,AG,TC,GA,AA,TT,TT,TC,TC,GA,CA,CT,AA,AG,CG,AC,TT,TA,AC,TT,CA,TT,CT,GA,CG,CC,TC,AA,TT,AG,GA,GT,??,GA,CA,CG,AA,AG,GT,GT,GC,TG,TT,TT,AT,AA,AT,AG,TC,CA,CC,AA,CA,GG,GC,TT,GA,CA,GG,GG,GC,CT,TC,TA,GA,CC,CT,TT,CA,TC,TC,CC,AC,GG,GC,CG,CA,TT,CA,AG,AA,TT,GG,CG,GT,AC,CT,TT,GC,GA,CC,AG,AG,GC,AC,CC,CG,TG,CA,GA,GT,CC,CG,GG,GT,GC,CT,AC,TA,TT,TG,TC,AC,TA,AA,AC,TT,AG,CC,AG,TG,AA,AG,TA,TG,GC,AA,CT,CT,GA,GG,TA,CC,AA,AA,AA,TA,GG,AA,TT,TT,GC,GG,CA,GA,TT,TC,AA,AG,GA,GT,CC,CC,AT,TA,CG,AT,CT,CC,TC,GT,TA,CC,??
107,CG,GG,TT,GT,GC,TT,GG,GG,AT,GG,TG,??,TT,GC,CA,TG,GT,AC,AA,CC,AA,CC,??,AC,CG,CC,TA,GG,AG,TT,GA,CA,TT,TT,TT,TC,GA,CC,TT,CA,AA,CG,AC,GG,TA,AC,CT,CC,TA,CT,GA,CG,CC,CC,AA,TT,GG,GA,GT,CC,GG,CC,CG,AT,??,GT,GG,GC,TG,TT,CT,AT,AA,AT,AG,TC,CC,AC,GA,CA,GC,GG,CT,GA,AA,GG,TG,GC,CT,TC,TA,GA,CC,CC,GG,CA,CC,TT,TT,AC,AG,GC,CC,CC,TT,CA,AG,AA,CC,TT,CG,TT,AA,CT,GT,GC,GG,TT,AA,AG,GC,AC,CC,CG,GG,CC,GG,GT,AA,CG,GG,GG,GG,CT,AA,TA,AA,TT,TT,AA,TT,AA,AC,AT,AA,CA,AG,TT,AA,AA,TA,TT,GC,TT,TT,CC,GA,CG,TA,CG,TA,AA,AT,AA,GG,AA,TT,TT,GG,GG,CC,GG,CT,TC,AA,AA,GA,GG,CC,GG,AA,TT,CG,AT,TT,CT,CC,GG,TT,GG,GT
108,CG,CC,TA,GG,GG,TT,GG,GG,AA,CC,TT,GT,GG,GG,CC,TT,GG,AA,TA,CA,AC,CT,AT,CC,CC,CC,TT,AA,AG,TC,GA,??,TT,TT,CC,TC,AA,CC,TT,CC,GG,CG,AA,TT,TA,CC,CT,CA,TT,CC,GG,CG,GG,CC,AA,AA,GG,GA,TT,GC,GA,CA,CC,AT,??,GT,TT,GC,TT,TC,CC,AA,AA,AA,AG,TT,CA,AA,GG,CA,GG,GC,CT,GG,AA,GA,TG,CC,CC,TT,TA,GA,??,CT,TT,CA,CC,CC,CC,AA,AA,GC,GG,CC,TT,AA,AA,GG,CC,TT,GG,TT,AA,CC,GT,GG,GA,CC,AG,AG,GG,AC,CG,CG,TT,AA,GG,TT,AA,CC,TG,TT,GG,CC,CC,AA,AA,GG,TT,AA,TT,AA,CC,??,GG,CA,AA,GG,TA,AA,TT,TT,GG,AA,TT,TT,GG,CC,TT,CG,TA,GG,AA,AA,GG,AA,TT,TT,GC,TT,CA,GG,CT,TC,AC,AG,AA,TT,CC,CG,AT,TA,CC,AT,TT,CT,TC,GT,AA,CC,GG
109,CG,CG,TT,GT,GC,TT,GG,GG,AT,CG,TG,GT,TT,GC,CA,TG,GT,CC,TA,AA,CC,CC,AA,AC,CG,AA,TT,AA,AA,TC,GA,AA,TT,??,??,TC,AA,CA,CC,CA,AG,GG,AA,GG,TA,CC,CC,CA,AA,??,GA,CC,GG,TT,AA,AA,AA,AA,GT,GG,GA,AA,CG,AA,AA,??,TT,GC,TG,TT,TT,AT,AA,AT,GG,TC,CC,AC,AA,AA,CC,GG,CC,GA,CC,GG,TG,CC,TT,TC,TT,GG,CC,CT,GG,CC,TT,TC,CT,AC,AG,GC,CG,CA,TT,CA,AG,GG,CC,TT,CC,??,AC,CT,GT,GC,AA,TT,AA,??,CC,AC,CC,CG,GG,CA,GG,GT,AA,GG,TG,GT,CC,CT,CC,AA,??,??,TC,AC,AA,AA,AC,TT,GG,CA,AG,TG,TA,AG,TT,TG,GC,AT,CC,CT,GG,GG,TA,CC,TT,GG,TT,TT,GG,AA,TT,TT,GC,GT,CA,GA,CT,TC,AA,AG,AA,??,CC,CG,AT,??,CG,AT,TT,CT,TC,GT,AA,GG,GG
110,CC,GG,AA,GT,CC,TT,GC,GG,AT,GG,TG,GT,??,CC,CA,TG,GG,AA,TA,CA,AA,CT,TT,AC,GG,CC,TA,GA,GG,TT,AA,CA,TC,TG,TC,TT,GA,CA,TT,CC,AG,CG,AC,GG,AA,CC,CT,CC,TA,CC,GA,CC,GG,TC,AA,TA,AA,GA,GG,CC,GG,CC,GG,AT,AA,GG,TT,GC,TT,CC,CC,AA,TA,AT,AG,TC,AA,AA,GG,CC,??,GC,CT,AA,AA,GA,TG,CC,CT,TT,TA,AA,GG,CT,GG,CA,CC,CC,TT,AC,AA,GC,CC,AA,TT,CA,AA,GG,CC,TT,CG,TT,CC,TT,TT,GG,GG,TT,GG,AG,GG,AC,??,CC,TG,CC,GA,GT,AC,CC,GG,GT,GG,CC,AC,TA,AT,GG,CC,AA,AA,CA,AA,AT,AG,AA,AG,GG,AA,AG,TA,TT,GG,TT,TT,CC,GG,CC,AA,CG,AA,AG,AT,AA,CC,AA,TT,TT,GC,GT,CA,GG,CT,TT,CC,AG,GA,GT,CC,CG,AA,AA,CG,AA,CT,TT,TC,GT,TA,CC,GT
111,CC,CG,TA,GT,CC,CC,CC,GG,AT,CG,TT,GG,GT,GC,AA,TG,GG,AC,TA,CC,AC,CT,AT,AC,GG,AC,TT,GA,GG,TC,GA,CA,TC,TT,TC,TC,GA,CA,CC,CC,AG,GG,AC,TG,TA,AC,CT,CA,TA,CT,GG,CG,GG,TT,AA,TA,AA,??,GT,CC,GA,CA,GG,TT,AG,GT,GT,GC,TT,TC,CC,AT,TT,AT,AG,TC,CA,AA,GG,CC,GC,GC,CT,GA,CA,GA,TG,GC,TT,TC,TT,GG,CC,CC,GG,CA,TC,TC,??,AC,AA,GC,CG,CA,TT,CA,AG,AG,TT,GG,CG,GT,AC,CC,GT,GG,GA,TT,AG,AG,GG,AC,CG,CC,TG,AA,AA,GT,CC,CC,TG,GT,GG,CT,CC,TA,TT,TG,TC,AA,AA,AA,AC,AA,AG,CA,GG,TG,TA,AA,TA,TT,GC,TT,CC,CT,GA,CG,TA,GG,TA,GG,AT,TA,GG,AA,TT,TT,GC,GG,CA,GG,CT,TT,AC,AG,GA,GT,CC,GG,AT,TA,CC,AA,CT,CT,TC,GT,AA,CG,GT
112,CG,CG,TA,GG,GC,CC,CC,GG,TT,??,TG,TT,GT,??,CA,TT,GT,AC,AA,CC,AC,TT,AT,AA,GG,AC,TA,GA,GG,TC,AA,CA,TT,??,CC,CC,GG,CA,CT,CA,GG,CG,AA,GG,TA,AC,CT,AA,TA,CC,GA,GG,CC,TC,AA,TA,AG,AA,GG,CC,GA,AA,CG,TT,AG,TT,GT,GC,GG,TC,CT,AT,TT,AT,GG,CC,AA,AC,GA,AA,GC,GC,CT,GA,CA,GA,TG,GC,CT,TC,AA,GA,CC,CC,GG,AA,CC,CC,CT,AC,AG,GC,CC,CA,TT,CC,AA,AG,TT,GG,CG,GT,AC,CT,GT,GC,AA,TT,GG,GG,GC,CC,CG,GG,GG,AA,AA,GG,CC,CG,GG,TT,GG,TT,AA,TA,TT,GG,TC,AC,TA,AA,AA,AT,AA,CC,GG,GG,AA,AG,TT,TG,GC,AT,CT,CC,GG,CG,TT,GG,TA,AG,AT,TA,GG,AA,TT,TT,GC,TT,CA,GA,CT,TC,AC,GG,GG,TT,CC,GG,TT,AA,CC,TT,TT,CC,TC,TT,TT,GG,GG
113,CG,CG,TA,GT,GC,TC,GG,GG,AT,CG,TG,GT,GG,GC,CA,TG,TT,??,TT,CC,AC,CT,AT,AC,CG,AC,AA,GA,AG,TC,GA,CA,TT,TT,TT,TT,GA,CC,CC,CA,AG,CG,AC,TT,TA,AC,CC,CA,TA,CT,AA,CG,CG,TC,AA,TA,AG,GA,GT,GC,GA,CA,CG,AT,AG,GG,TT,GC,TG,TC,CT,AT,AA,AT,AG,TC,CA,CC,GA,CA,GC,GC,TT,GA,CC,GA,TG,GC,CT,TC,TA,AA,CC,CC,TT,CA,TT,CC,CT,AC,AG,GC,GG,CC,TT,CA,AG,AG,CC,TT,GG,??,AC,CC,TT,GC,GA,CC,AG,AG,GC,AC,CG,CG,TT,CA,GA,GT,AA,CG,TG,TT,GG,CT,CC,TA,AA,TG,TT,AC,TA,AA,AC,AT,GG,AA,AG,TG,??,AA,TA,TG,GC,AT,CC,TT,GA,CG,TA,CG,TA,GG,AT,TT,GG,AA,TT,TT,GC,GG,CA,GA,TT,CC,AC,AA,GA,TT,CC,CG,TT,TA,CG,AT,CC,TT,TC,GT,AA,CC,GT
114,GG,CG,AA,GT,GG,TT,GG,GG,AT,GG,TG,GT,TT,GC,CC,TG,GT,AC,TA,CA,CC,TT,AT,AA,CG,AC,TT,GA,AG,TC,GG,CA,CC,TT,TC,TC,GG,CC,CT,CA,GG,GG,AC,TG,TT,AA,TT,CC,TA,CT,GA,CG,CG,TC,AA,TA,AA,GA,GG,GC,GA,CA,CC,AT,AA,GT,TT,GC,TG,CC,CT,AT,AA,AT,AG,TC,AA,AC,GA,AA,GC,CC,CC,GA,CA,AA,GG,GG,CT,TC,AA,GG,CC,CT,TG,CA,TT,TC,CT,AC,AG,GG,CC,CC,TT,CC,AG,AG,CC,TT,CC,GT,AA,CT,TT,GG,AA,CT,GG,AG,GG,AA,CG,CG,TG,CC,GG,GG,AA,CC,TG,GT,GG,CT,AA,TA,AA,GG,TC,AA,TA,AA,AA,AT,AA,CA,AG,GG,TA,AG,TA,TT,GC,AT,CT,CC,GA,CG,TA,CG,AA,GG,AT,TA,GG,AA,TT,TT,GC,GG,CA,GG,CT,CC,AC,AA,GG,TT,CC,CG,AA,AA,CG,AT,CT,CT,CC,GG,TT,CG,GT
115,CG,GG,TA,TT,GC,TC,GC,GG,TT,CG,GG,TT,GT,GC,CA,GG,TT,AC,AA,CC,AC,CC,AT,AC,GG,AA,TT,AA,GG,TC,GA,CA,TT,??,CC,TC,GA,CC,CC,CA,AG,CG,AA,TG,TA,AA,CT,CA,TA,CT,GG,CG,GG,TT,AA,AA,GG,AA,GT,CC,GA,AA,CG,TT,AA,GT,GT,GC,TG,TC,CT,AT,AA,TT,GG,CC,CC,CC,GA,CA,CC,GG,CT,GA,CC,GA,TG,GG,CT,CC,TA,GA,CC,CC,TG,CA,TT,TC,TT,AC,AG,GC,CG,CC,TT,CA,AG,GG,CT,TG,CG,GG,AA,CT,GT,GG,GA,CT,AG,AA,GC,AC,CG,CG,TT,CA,GA,GT,AC,CG,GG,GT,GC,TT,AC,AA,AT,TG,TT,AA,TT,AA,AC,AT,AG,AA,AG,TG,AA,AG,TT,TT,GC,TT,CC,CT,GG,CG,AA,GG,TA,AG,AT,TT,GG,AA,TT,TT,GC,TT,CA,GG,CT,TC,AC,AG,GA,GT,CC,GG,TT,TT,GG,TT,CT,TT,TT,GT,TA,CC,GG
116,CG,CG,TT,TT,CC,CC,CC,GG,TT,CG,GG,TT,GT,GC,AA,TG,TT,AA,TA,CC,CC,CC,AT,AA,CG,CC,TT,GG,AG,TT,AA,CC,TT,??,CC,TC,GG,??,TT,AA,AA,GG,AC,TT,TT,AC,CT,AA,TA,??,GG,CG,CC,CC,AA,TT,AG,GA,GG,GC,GG,CA,GG,AT,AG,TT,GG,GC,GG,TT,CT,TT,TT,AT,AG,CC,CC,CC,GA,CA,GC,GG,CC,GA,AA,??,TT,GC,CT,CC,TA,GG,GG,CC,TG,CA,CC,CC,CT,CC,GG,GG,CC,AA,TT,CC,AG,AA,TT,GG,CC,TT,CC,CT,GG,GC,AA,CT,AA,AG,CC,CC,CC,GG,TT,AA,AA,GG,CC,GG,TG,TT,GC,TT,AA,TT,AT,TT,CC,CC,TA,AA,AA,AA,AA,AA,AG,TT,TA,GG,TA,GG,CC,TT,TT,CC,GA,CC,TA,CG,TA,AA,AT,AA,GG,AA,TT,TT,GG,TT,CC,??,CC,CC,AA,GG,GG,GG,CC,GG,TT,TT,CG,TT,CC,TT,TC,TT,TT,CC,??
117,CC,CG,TT,GT,GC,TC,GC,GG,AT,??,TG,GT,TT,GC,CA,TG,GT,AA,TA,CC,AC,CC,AA,AA,GG,AC,TA,GA,AG,TC,??,CC,TC,??,TC,TC,GG,AA,CT,CA,AA,CG,AC,GG,TT,AA,CT,CA,TA,CT,AA,GG,??,TC,AA,TA,AG,GA,GG,GC,GA,CA,CG,AT,AA,GT,GT,GC,TG,TT,CT,AT,TT,AT,AG,TT,CC,AC,GG,??,GC,GG,CT,GA,CA,GG,TT,GG,CC,TC,AA,AA,CC,CT,GG,CA,CC,TT,CT,AC,AG,GC,CC,AA,TT,CC,AG,AG,CT,TG,GG,GT,CC,TT,GG,GC,GA,TT,AA,GG,GC,CC,CC,CG,GG,CA,GA,GG,AC,CG,TG,GG,GC,CT,AC,AA,AT,TT,CC,CC,??,AA,AA,AA,AG,CA,GG,TT,AA,AG,??,GG,GC,AT,CT,CC,GA,CC,TA,CG,TA,GG,AA,TA,GG,AA,TT,TT,GC,GG,CA,AA,CC,??,AA,AG,GG,GT,CC,CG,AA,TT,CG,AT,TT,TT,CC,GT,TA,CG,GT
118,CG,CC,TA,GT,CC,TT,GC,GG,AA,GG,TT,TT,GG,CC,AA,TG,GG,AA,TA,CA,AC,CT,TT,AC,CC,CC,TT,GG,AA,TT,GA,CC,TC,TT,CC,TT,GA,CC,TT,CC,AG,CG,AC,TG,TA,AC,CT,CC,TA,CT,GG,CG,GG,CC,AA,TT,GG,AA,GT,GG,GG,AA,GG,AA,AA,GG,GG,GC,GG,TC,CC,TT,AA,AA,GG,TT,CA,AA,GG,CC,GC,GC,CT,AA,AA,GA,TT,GC,CT,TT,TT,GG,GG,CT,TT,CC,TC,TC,CC,CC,AA,GG,GG,CA,TT,CA,AG,AA,CC,TT,CC,TT,AA,CT,GG,GG,AA,CC,AG,AG,GG,AC,GG,GG,TG,CC,GG,GT,AC,CC,GG,GT,GG,CC,CC,AA,AT,TG,TC,AA,TA,AA,AC,AA,GG,CA,AA,TG,TA,AG,TT,TT,CC,AA,TT,TT,GG,CC,TA,CC,TA,AA,AT,TA,??,AA,TT,TT,GC,TT,CC,GG,CT,CC,AC,AA,GA,GT,CC,CC,AT,TA,CG,TT,CT,CT,CC,GG,AA,CG,GT
119,GG,CG,AA,GT,CC,TC,GC,GG,AT,GG,TG,TT,TT,CC,AA,TG,GT,CC,TA,AA,CC,TT,TT,AC,CC,CC,AA,GA,AA,TC,AA,AA,CC,??,TC,TT,GA,AA,TT,CA,GG,GG,AC,TG,AA,CC,CC,CA,TA,CT,GA,GG,CC,CC,AA,TT,GG,GA,GG,GG,AA,CA,GG,AA,AG,GG,TT,CC,GG,CC,TT,TT,AA,AT,AG,TC,CA,AC,AA,AA,GC,CC,CC,AA,AA,AA,TT,CC,CT,TC,AA,GG,CC,TT,TG,AA,CC,TT,CT,CC,AG,GC,CC,AA,TT,AA,AG,AA,CT,TG,CC,TT,CC,CT,GG,GC,AA,CT,AG,GG,GC,CC,GG,GG,TG,CA,GA,TT,AC,CG,TG,TT,GC,CT,AA,TT,AT,TG,CC,CC,TA,AA,CC,TT,AA,AA,AA,TG,TA,AG,TA,GG,CC,AT,TT,CC,GA,GG,TA,CC,TT,GG,AT,AA,GG,AA,TT,TT,CC,GG,AA,AA,CC,CC,CC,AG,GA,TT,CC,CG,AA,TA,CG,TT,CC,TT,CC,GT,TT,CG,GT
120,CC,CG,TA,TT,GC,TC,GC,GG,AT,CG,TG,GT,GT,GC,CA,GG,GT,AC,TT,AA,AC,CT,AT,AA,CG,AA,TT,GA,AG,CC,GA,AA,CC,TT,TC,TT,GG,CA,CC,CA,AG,CG,CC,TG,TT,AA,CC,CA,TA,TT,GG,CG,CG,TT,AA,TA,AA,GG,GG,GC,AA,CA,CG,AT,GG,GG,GT,GC,TG,TC,CT,AT,AA,AT,AG,TC,CC,AC,GA,CA,GC,GC,CT,GA,CC,GA,TT,GG,CT,TC,TA,AA,CC,TT,TG,CA,TC,CC,CT,AC,AG,CC,CC,CA,TT,CC,GG,AG,CT,TG,GG,GG,AA,TT,GG,GC,GA,CT,AA,AG,GC,AC,CG,CG,TT,CA,GA,GG,AC,CG,TT,TT,GC,CT,AC,AA,AT,TT,TC,AA,TA,AA,AA,AT,AG,CA,AG,TG,TT,AG,AA,TT,GC,AT,CC,CT,AA,GG,AA,CG,TT,AG,AT,TA,??,AA,TT,TT,CC,GG,AA,GG,CT,TC,AC,AG,GG,GT,CC,CG,AT,TT,GG,AT,TT,CT,TC,GT,TA,CG,TT
121,CG,CG,TT,GG,GG,TC,GC,GG,AT,GG,TG,GG,GT,CC,CC,TT,GT,AC,TA,AA,AC,CT,??,AC,CG,AC,TA,GA,AG,CC,GA,AA,TC,TT,TC,TT,GG,CA,CT,CA,AG,GG,AA,TG,TT,AA,CT,CC,TA,CC,GA,CG,GG,TC,AA,TA,AG,GA,GG,GC,AA,CA,CG,AT,AG,GG,GG,CC,TT,TT,CT,AA,AA,AA,AG,TC,CA,AC,GA,CA,GC,GG,TT,AA,CA,GG,TG,GG,CT,TT,TA,GA,CC,TT,TG,CA,TC,TC,CT,AA,AG,CC,CC,CA,TT,CC,AA,AG,CT,TG,GG,GT,AC,CT,GT,GG,GA,CT,AG,AG,GG,AC,CC,CC,TG,CC,GA,GG,AC,CC,GG,TT,GC,CT,AC,AA,AT,TG,TC,AA,TA,AA,AA,AT,AA,CC,AG,TG,TA,AG,TT,TT,GG,AT,CT,CC,GG,GG,TT,CG,TT,AA,AT,TA,??,AA,TT,CC,CC,GG,AA,GG,CT,TT,AA,AA,GG,GT,CC,CG,AT,TA,CG,AA,TT,CC,CC,GG,TT,CG,GG
122,GG,??,??,??,GG,TC,??,GG,TT,CG,TG,GG,GT,GG,CC,TG,??,AA,TA,CA,AC,CC,TT,CC,CG,CC,TA,??,AA,TC,GG,AA,CC,TT,TC,CC,??,??,??,AA,AA,CG,AC,??,TA,AC,CT,CC,??,??,GA,CG,CC,CC,AA,TA,GG,GA,GT,GG,??,CA,CC,AA,AA,GT,GG,GG,TG,CC,CC,AA,TA,AT,AG,CC,CC,CC,??,CA,GG,GG,CC,GG,CC,??,TG,GG,??,??,AA,AA,CC,??,??,CC,TT,TC,??,AA,GG,GC,??,CC,TT,CA,??,AG,CT,TG,GG,GG,AA,??,??,CC,AA,CT,AA,AA,GC,AA,GG,CG,TG,CA,??,GT,AC,CG,??,GT,GG,TT,AA,TT,TT,TT,TT,CC,TA,AA,AC,??,AG,CA,AG,TT,??,AG,AA,GG,GG,AA,CC,CT,??,CG,TA,CC,TT,??,??,TT,GG,AA,TT,TT,GC,GG,CA,AA,CC,TC,CC,AG,??,GG,CC,CC,AT,TT,CG,??,CT,CT,TC,??,TA,CG,GG
123,CC,CG,TA,TT,GC,TC,GC,GG,AT,CC,TG,GG,GT,GG,CA,GG,GT,AC,TA,CA,AA,CT,AT,AC,CC,AC,TA,GA,AA,TT,AA,CA,TC,TT,CC,TC,GA,CC,??,CA,AG,CC,CC,GG,AA,CC,CT,AA,AA,TT,GA,CG,CG,TC,AA,TA,AG,GA,GT,GG,GG,AA,CG,AA,AG,GT,GT,GG,TG,TC,CT,AT,AA,AA,GG,TC,CA,AC,GA,CA,GC,GC,CT,GA,CA,GA,TG,CC,TT,TT,TA,AA,CC,CT,TT,CA,CC,CC,CT,AC,AG,GC,CG,CC,TT,AA,GG,AG,CT,TG,GG,GT,AA,TT,GT,GC,GG,CC,AG,GG,GG,CC,CG,CG,GG,AA,GA,GT,AC,CC,TG,TT,GC,CT,AC,AA,AT,TG,TT,AA,AA,AA,AC,AT,AG,CC,AA,TG,TA,AA,TA,TT,GC,AA,CT,CT,AA,CG,AA,CC,TA,AG,TT,AA,GG,AA,TT,TT,GG,TT,CC,GG,CT,TT,AC,GG,GA,GT,CC,CC,TT,TA,GG,AT,TT,CC,TT,TT,TA,CG,GT
124,GG,CG,TA,GT,GC,TC,GC,GG,TT,CG,TG,TT,GT,GC,CA,TG,GT,AC,TT,CA,AC,CT,AT,AC,CG,AA,TT,GA,AG,TT,GA,CA,CC,TT,TC,TC,GA,??,CT,CA,AG,CC,AC,GG,TT,AA,CC,CA,TA,??,GG,CG,CG,TT,AA,TA,AA,GG,GT,GC,GG,CC,CG,AT,AA,GT,GT,GG,TT,TC,CT,AT,AA,AT,AA,CC,CA,AC,GA,CA,GC,GC,CT,GA,CC,??,TG,GG,CT,TC,TA,GA,CC,TT,GG,CA,TC,CC,CT,AC,AG,GG,GG,CC,TT,CA,AG,AG,CT,TG,CG,GG,AA,CC,GT,GG,GA,TT,AG,AG,GG,AC,CG,CG,GG,CA,GA,GT,AC,CC,TT,TT,GC,TT,AC,TA,AT,TG,TT,AC,TT,AA,AC,AT,GG,CC,GG,TG,TT,AA,TT,TG,GG,AT,CT,TT,GG,CG,TA,CG,TT,AG,AT,TA,GG,AA,TT,TT,GG,GG,CC,??,CT,CC,AC,AG,GA,GT,CC,CG,TT,TA,CG,TT,CT,CC,TC,GT,TA,GG,GG
125,CC,CC,TA,TT,GG,TC,GC,??,TT,CC,GG,GT,GT,GG,CC,GG,TT,CC,TA,CA,AC,CT,AA,CC,CG,AC,TA,GA,AG,TC,GA,AA,TC,??,TC,CC,AA,CA,CT,AA,GG,CG,AC,TG,TA,AC,CT,CA,TT,TT,GA,CG,GG,TT,AA,TA,AA,GA,TT,GC,GA,CA,CC,AT,AG,TT,TT,GC,TG,TT,TT,AT,TA,TT,AG,CC,CA,CC,AA,CA,GG,GC,CC,GG,CA,GG,TG,GC,CC,CC,TA,GG,CC,CT,TG,CA,TC,CC,CC,AC,GG,GC,GG,CA,TT,CA,GG,AG,CT,TG,CC,GT,AC,CT,GT,GC,GA,CT,AG,AG,CC,AC,CC,CG,TG,CA,GA,GT,AC,GG,TG,TT,GC,TT,CC,AA,AT,TG,TC,AC,TT,AA,CC,TT,GG,CC,AG,TG,TA,AG,??,TG,GC,AA,CT,TT,GA,GG,AA,CG,TA,AG,AA,TA,GG,AA,TT,TT,GC,GG,CA,GA,CT,TC,AA,AG,AA,TT,CC,CG,TT,TA,CG,AT,CT,CT,TT,GT,TA,CG,GT
126,CG,CG,TA,GT,GC,TC,GC,GG,AT,CC,TG,GT,GG,GG,CA,??,GT,AC,TT,AA,AC,CT,TT,AC,CG,AC,TA,AA,AG,TC,GG,??,CC,??,TC,CC,GA,CA,CT,CA,AG,CG,AC,TT,TA,AA,CT,CA,TA,CT,GA,CC,CC,TT,AA,AA,AA,GG,GT,GC,GA,CA,CG,AT,GG,TT,TT,GC,TG,TC,CT,AT,AA,TT,AG,TC,CA,AC,GA,CC,GC,GC,CC,GA,CA,GA,TT,GG,CT,CC,TT,GG,CC,TT,TG,CC,TC,TC,CT,AC,AG,GC,CG,CA,TT,CA,AG,GG,CT,TG,CG,GT,AC,CT,GG,GC,GA,CC,AG,AA,CC,AA,CG,CG,TT,CA,GA,GT,AC,GG,TT,GT,GC,CT,AA,TT,TT,TG,TC,AC,TA,AA,AC,AT,AG,AA,AG,TG,TT,AG,AA,TG,GC,AT,CT,CT,GG,CG,TA,CG,TA,GG,AT,TA,GG,AA,TT,TT,GC,GG,CA,GA,CC,TC,AC,AG,GA,GT,CC,CG,AT,TA,CG,AT,CC,TT,TT,GT,TT,GG,GT
127,CC,CG,TT,GG,GC,CC,GG,GG,TT,CC,GG,GG,TT,GC,CA,TT,TT,AA,TA,CA,AA,CC,AA,CC,CG,CC,AA,GA,AG,TT,GA,AA,TC,TT,TC,TC,AA,CC,TT,AA,AG,CC,AC,GG,TA,AC,CT,AA,TA,??,GA,CG,GG,TC,AA,TA,AG,GA,TT,GC,GG,CA,CG,AT,AG,GT,TT,GG,TT,TT,TT,AT,TA,AA,AG,CC,CC,CC,AA,AA,GC,GG,CC,GA,AA,GG,TG,GC,CT,TT,TA,GA,CC,CT,GG,CA,TC,TC,TT,AC,GG,GG,GG,CC,TT,CA,AA,AG,CT,TG,CG,TT,AA,CC,GT,GC,GG,TT,AG,AG,GG,AC,CC,CC,GG,AA,AA,GT,AC,CC,TG,GT,GC,TT,CC,TA,AA,TG,TT,AA,TA,AA,AC,TT,GG,CA,AG,TG,TA,AA,TA,TT,GC,AT,TT,TT,GA,CG,TT,CG,TA,AG,AT,AA,GG,AA,TT,TT,GG,GG,CC,GG,CC,TT,AA,GG,AA,GT,CC,CG,AT,TT,CC,AA,CT,CT,TT,TT,AA,GG,GT
128,??,CG,TA,??,GC,CC,??,GG,??,GG,TT,TT,GG,??,??,TG,??,AA,TA,??,AC,??,AT,??,CG,AC,TA,GG,GG,TT,GA,CA,TC,??,TC,CC,??,??,CC,??,AA,CG,AC,??,AA,CC,TT,??,TA,??,GA,CG,CG,TC,AA,??,AG,??,TT,CC,GG,AA,GG,??,AA,TT,GT,??,TG,TC,??,??,AA,AT,AG,TC,??,AC,??,CA,GC,GC,TT,AA,CA,??,GG,??,CT,TC,TA,GA,CC,??,??,CA,TC,TC,??,??,AG,GG,??,CA,TT,AA,??,GG,CT,??,CG,GT,AC,??,TT,CC,GA,CT,AA,AG,CC,AC,CG,CG,TG,CA,AA,GG,AC,GG,??,GT,GG,??,AC,TT,??,TG,TC,AC,TA,AA,CC,??,AG,CC,??,??,??,AG,TT,TG,GC,AT,CT,CT,GA,CG,TA,GG,TA,??,AT,??,GG,??,??,TT,GC,GG,??,??,TT,CC,AC,AG,??,GT,CC,CG,AT,TA,CG,??,CC,CT,CC,??,TA,CG,GG
129,GG,CG,TA,GT,GC,TC,GC,GG,TT,CG,GG,GT,GT,GC,??,TT,TT,AA,TT,CC,CC,CT,AT,AC,CC,AC,TT,GG,AA,TC,GA,CC,TT,??,TC,TT,AA,CA,CT,CA,GG,GG,AA,TT,TA,AC,CT,CA,TA,CT,GG,CG,GG,TC,AA,TT,AG,GG,TT,GG,AA,CA,CG,AA,AA,GG,GT,CC,TG,TC,CC,AT,TT,TT,AA,CC,AA,CC,GG,CA,GC,GC,TT,GA,CA,GA,TG,GC,CT,CC,TA,GA,GG,CC,TG,CA,TC,CC,CT,AC,AG,GC,GG,CA,TT,CA,AG,AA,CT,TG,CG,GT,AC,CC,TT,CC,AA,CT,GG,AG,CC,AC,CG,CG,TG,CA,GA,GT,AC,GG,TT,TT,GC,TT,CC,AA,AT,GG,TC,AC,TA,AA,AC,AA,GG,CA,AA,GG,TT,AG,TT,TG,GC,AT,CT,TT,GG,CC,TT,CC,TT,AG,AT,TA,CC,AA,TT,TT,CC,GG,AA,GA,TT,CC,AC,AG,AA,GT,CC,CC,TT,TA,CC,AT,TT,CT,TC,GT,AA,CC,GG
130,??,GG,TA,TT,CC,TT,GC,GG,AT,GG,GG,TT,GT,??,??,GG,TT,AC,TA,CA,AC,CT,AT,??,CG,CC,AA,GA,AG,TC,AA,CA,TC,TT,TC,TT,GA,AA,TT,AA,AG,CG,CC,TG,TA,AA,CT,CC,TA,??,AA,GG,CG,CC,AA,TT,GG,GA,GG,CC,GA,CA,GG,TT,??,GG,GT,GC,GG,TC,TT,TT,AA,AT,AG,CC,CA,CC,AA,CA,GC,GC,CT,AA,AA,??,TG,GG,??,CC,TA,AA,CC,TT,TG,AA,CC,TC,??,CC,GG,GC,??,AA,TT,CA,GG,AG,CC,TG,GG,TT,CC,TT,GT,CC,GA,CT,AG,GG,GC,CC,CG,GG,TG,CC,GG,GT,AC,GG,TG,TT,GC,TT,AC,TT,AA,TG,CC,AC,TT,AA,AC,TT,AG,CA,AG,TG,TA,GG,AA,GG,CC,TT,TT,CC,AA,CG,AA,CG,TA,??,AT,AA,??,AA,TT,CT,GC,GG,??,AA,CT,CC,AC,AA,GA,GT,CC,GG,AT,TA,GG,TT,CT,CT,CC,GG,TA,CG,??
131,CG,CG,TA,GT,GG,TC,GC,GG,AT,CC,GG,GT,GT,GG,CC,TG,TT,CC,TA,CA,AC,CT,TT,CC,GG,AC,TT,GG,AG,CC,GA,AA,TC,TT,TC,TC,AA,AA,CT,AA,AG,GG,AC,TG,TA,AC,CT,CA,TA,CT,GG,CG,??,TC,AA,TA,AG,AA,TT,GC,AA,??,CC,AT,AG,GT,GT,CC,TG,CC,TT,AA,AA,AT,GG,??,CA,CC,AA,CA,GC,GC,CT,GG,CA,AA,TG,GC,CT,TC,AA,AA,CC,CT,GG,AA,TC,TC,CT,AA,??,GC,GG,??,TT,AA,AG,AG,CT,TG,GG,GT,AC,CT,GT,GG,GA,TT,AG,AG,GC,AC,GG,CG,GG,CA,GA,TT,AC,CC,TG,GT,GC,TT,CC,TA,AT,TG,TC,AC,TA,AA,CC,TT,GG,AA,GG,TG,TA,AG,AA,TG,GG,AT,CT,TT,GA,CG,TA,CG,TA,AG,AT,TA,GG,AA,TT,TT,??,GG,??,??,CT,TC,??,AG,AA,GT,CC,CG,TT,TA,CG,AT,CT,CT,TT,GT,TA,GG,GT
132,CC,CG,TA,GT,CC,TC,GC,GG,TT,CG,GG,GT,TT,CC,AA,TG,TT,CC,TA,AA,AC,CT,AT,AC,CG,AC,AA,GG,AA,TC,GA,AA,CC,TT,TC,CC,GA,CA,CC,AA,AA,CG,AC,TT,TA,AC,CT,AA,TA,CT,AA,CG,CG,TC,AA,TT,GG,GA,GT,??,GA,CA,GG,AA,GG,TT,GG,GC,GG,TC,TT,TT,AA,AA,AG,CC,CA,CC,AA,AA,GC,GC,CT,AA,CA,GA,TG,GC,CT,TT,AA,GA,CC,TT,TG,??,TT,TC,??,CC,GG,GC,CG,CA,TT,CA,AG,AA,CT,TG,CG,GT,AC,CT,GT,CC,GA,CC,AA,AG,GG,AC,CG,GG,TT,CA,GA,TT,AC,CC,TG,TT,GC,TT,AC,AA,AT,TT,TC,AC,TA,AA,AC,TT,AG,CA,AG,TT,TA,AG,TA,TG,CC,AT,CC,CT,GA,GG,TA,CC,TA,AA,AT,TT,GG,AA,TT,CC,GC,GG,CA,GA,CT,TC,AC,GG,GA,GG,CC,CG,AT,TA,CG,AT,TT,CT,TC,TT,TA,CC,GT
133,GG,CC,TT,GG,GG,TC,GC,GG,TT,CC,GG,GT,GG,GG,CC,TT,TT,AC,TA,AA,AC,CC,AA,AC,CC,CC,TA,GA,AA,TC,GA,AA,CC,TT,TC,TC,GA,CA,CT,AA,AA,CG,AC,GG,AA,AC,CT,CA,TT,CC,GA,CG,CG,CC,AA,TA,GG,GA,GT,GG,GA,CA,CC,AA,AG,GT,GT,GC,TT,TT,TT,AA,AA,AA,AG,CC,CC,CC,GA,CA,GG,GG,CT,GG,AA,GG,TG,GC,CC,TT,TA,AA,CC,TT,TG,CA,TC,TT,CC,AA,??,CC,CG,CA,TT,AA,AA,AG,CC,TT,GG,GT,AC,CT,GT,GG,GA,CT,AA,AG,GG,AC,CC,CG,TG,CA,GA,TT,AC,CC,TG,TT,GG,TT,AC,TA,AT,TT,TC,AC,TA,AA,AC,AT,AG,CC,AA,TT,TA,AG,??,TG,GG,AA,CT,CT,GA,GG,TT,CC,TA,AG,AA,TA,GG,AA,TT,CT,GC,GG,??,GA,CT,TC,AA,AG,GA,GT,CC,CC,AT,TT,CG,AT,TT,CT,TT,GT,TA,CG,GT
134,CC,CC,TT,GG,GC,TC,GC,GG,AA,GG,TT,GG,GT,GC,CA,TG,GG,AC,TA,CA,AC,CC,AT,AC,CG,AA,TA,AA,AG,TC,GG,CA,TC,TT,TC,TC,AA,CA,CC,CC,AA,CG,AC,TG,TT,AA,CT,AA,TA,CT,GA,CC,GG,TT,AA,AA,AA,GA,TT,GC,GA,CA,CG,AT,GG,TT,GT,GC,TG,TT,CC,AT,TA,TT,AG,TT,CC,AA,GG,CA,GG,GG,CT,GA,CC,GG,TG,GG,CT,CC,TA,GA,CC,CT,TG,CC,TT,TC,CC,AC,AA,CC,GG,CA,TT,CC,AG,GG,CT,TG,GG,??,AC,CC,TT,GC,GA,CT,AA,AA,GC,??,CG,CC,TG,AA,GA,GG,AC,CG,TG,GT,GG,CC,CC,AA,AT,TT,TC,AA,??,AA,CC,??,GG,CA,AG,TT,TA,AG,AA,TT,GC,AA,CC,TT,AA,CG,TT,CG,TA,AG,AT,TT,GG,AA,TT,TT,GC,GG,CA,GG,CT,TT,AA,GG,AA,GT,CC,CG,AT,TT,CC,AA,TT,CT,CC,TT,AA,GG,TT
135,CC,CG,TT,GT,CC,TC,GC,GG,AT,GG,TT,GG,GT,CC,AA,TG,GT,AC,TT,CC,AA,CC,AA,AC,CG,AC,TA,GA,AG,TC,AA,CA,TC,??,TT,TT,GA,CA,CT,CA,GG,CC,AC,TG,TA,AC,CC,CA,TT,CT,GA,GG,GG,TC,AA,TT,AG,GG,GT,GC,GA,CC,GG,AT,AA,GG,TT,GC,TG,TT,CT,AT,AA,TT,AA,TC,CC,AC,GA,AA,GG,GG,CC,AA,CA,GG,TT,GC,CC,CC,AA,GA,CC,CT,TG,AA,CC,TC,CT,AC,AG,GC,GG,CA,TT,CA,AG,AA,CT,TG,CG,GT,AC,CT,GG,GC,GG,CC,AG,GG,CC,CC,CC,CG,TG,CA,GA,GT,AC,CG,TT,GT,GG,CT,CC,AA,TT,TG,TC,AC,TA,AA,AC,AT,GG,AA,AG,TG,TT,AG,TA,TG,GC,AT,CT,TT,GA,CG,TA,CG,TT,GG,AA,TA,GG,AA,TT,TT,GC,GG,CA,GA,CC,TT,AA,AG,GA,TT,CC,CG,AT,TT,CG,AA,CT,TT,CC,GT,AA,CG,GT
136,CG,CG,AA,TT,GC,TC,GC,GG,TT,CG,GG,GT,TT,GC,CA,GG,TT,AC,TA,CA,AC,TT,AT,AC,CC,AC,TA,GA,AA,TC,GA,CA,TC,TT,TC,TC,GA,CC,CT,AA,AG,CG,CC,TT,TA,AC,CT,CA,TA,TT,AA,CG,CG,TC,AA,TA,AG,GA,GT,GG,GA,CA,CG,AA,AG,GT,GT,GC,TT,TC,TT,AT,AA,AA,AG,CC,AA,CC,AA,CA,GC,CC,TT,GA,CA,GA,TG,GC,CT,TT,TA,GA,CC,CT,TT,CA,TC,CC,??,AC,GG,GC,CG,??,TT,CA,GG,AG,CT,TG,CG,GT,AA,TT,GT,CC,GA,CC,GG,AG,GG,AC,CG,CC,TT,CA,GA,GT,AC,CG,TG,TT,GC,TT,AC,TA,AT,GG,TT,AA,TA,AA,AC,TT,AG,CA,AA,GG,TA,GG,TA,TT,GG,AA,CT,CT,AA,CG,AA,CC,TA,AG,AT,TA,GG,AA,TT,TT,GC,GG,CA,GG,TT,TC,AC,AG,GA,GT,CC,CC,TT,AA,GG,AT,CC,CT,CC,GT,TA,CG,TT
137,CG,CG,TA,TT,GC,TC,GC,GG,TT,CG,GG,GT,GT,GC,CA,GG,GT,AC,TT,CA,AC,TT,AT,CC,CC,AC,TT,GG,AA,TC,GA,CA,TC,TT,TT,CC,AA,AA,CT,CA,AA,CG,CC,TT,AA,AC,CC,CA,TA,TT,GG,CC,CG,TC,AA,TA,AA,GG,TT,GC,GA,CC,CG,AT,AG,TT,GG,GC,TG,TC,CT,AT,TA,AT,AA,CC,AA,CC,GA,CA,GC,CC,TT,GA,CA,AA,GG,CC,CT,TC,TT,AA,CC,CT,TT,CC,TC,CC,CT,AC,AG,GC,GG,AA,TT,AA,GG,AG,CT,TG,GG,GT,CC,TT,TT,GG,GA,CC,AG,AG,GC,AC,CG,CG,TT,CA,GA,TT,AC,CG,TT,TT,GC,TT,AC,TA,AT,TT,CC,CC,TA,AA,CC,AT,GG,CA,AA,TT,TT,??,??,??,GC,AT,CT,TT,AA,CG,AA,CC,TT,AA,AT,TA,GG,AA,TT,TT,GC,GG,CA,AA,TT,TC,AC,GG,AA,GG,CC,CG,TT,AA,GG,AT,CT,CT,TC,GT,AA,CG,GT
138,CC,CC,AA,GG,GC,TC,GC,GG,AT,CG,GG,GT,GT,GC,CA,TG,TT,CC,TA,AA,AC,TT,TT,AC,CG,AC,TT,GG,AG,TC,AA,AA,CC,TT,TC,TT,GA,CA,TT,AA,AG,CG,AC,TG,TA,AC,CT,CA,TT,CC,GG,GG,GG,TT,AA,TT,AA,GA,GT,GC,GA,CA,CG,AT,??,GG,GT,GC,GG,CC,TT,AT,AA,AA,AG,CC,AA,CC,AA,CA,GG,CC,CC,GA,AA,AA,TG,GC,CC,TT,AA,AA,CC,TT,TG,AA,CC,TC,CC,AC,GG,GC,CG,CA,TT,CA,AA,AA,CT,TG,CG,TT,AC,CT,GT,GC,GA,CT,GG,GG,GC,CC,GG,GG,TG,CA,GA,GT,AC,CG,TG,GT,GG,TT,CC,AA,AT,GG,TC,AA,TT,AA,AC,TT,GG,AA,AG,GG,TA,AG,AA,TT,GC,AA,TT,TT,GA,GG,TT,CG,TA,AG,AA,AA,GG,AA,TT,TT,GC,GG,CA,GG,CC,TT,CC,AG,GA,GT,CC,??,AT,AA,CG,AT,TT,TT,TC,GT,AA,CG,??
139,CG,CG,TA,TT,CC,TC,GC,GG,AA,GG,TT,GT,GT,CC,AA,GG,GG,AA,TA,CC,AC,CT,AT,AA,GG,AC,TA,AA,AG,TC,GG,CC,TT,TT,TC,CC,GG,CA,CT,CC,AG,CG,CC,GG,TA,AC,TT,AA,TA,TT,GA,CC,CC,TC,AA,TA,AG,GA,GG,GC,GA,CA,GG,AT,AG,TT,GT,GC,TG,TC,CC,TT,TT,AA,AG,TT,CA,AA,GG,CA,GC,GC,CT,AA,CA,GA,GG,GC,CC,TT,TA,GG,GG,CC,GG,CC,TT,TC,CT,CC,AA,GG,CC,CA,TT,CC,GG,AG,CT,TG,CC,GT,AC,CT,TT,GC,GA,TT,AG,AA,GC,AA,CG,CG,GG,CA,GA,GG,AC,CG,TG,GT,GC,CC,AA,TT,AT,TG,TC,AC,TA,AA,AA,AA,AA,CA,GG,TG,TA,AG,??,TG,CC,AT,CT,CC,AA,CC,AA,CG,TA,AG,AA,TT,GG,AA,TT,TT,GC,GG,CA,AA,CT,TT,AC,GG,GG,GT,CC,CG,AT,TA,CG,AT,CC,CT,CC,TT,TT,GG,GT
140,GG,CG,TA,TT,GC,TC,GC,GG,TT,GG,TG,TT,GT,CC,AA,GG,GT,AA,TA,CA,AC,CC,AT,AA,CG,CC,AA,GA,AG,TC,GG,CC,TT,TT,TC,TC,GG,AA,TT,CA,AA,CG,AC,TG,TT,AA,CT,CA,TA,TT,AA,CC,CC,CC,AA,TA,AG,GA,GG,GC,GA,CA,GG,AT,AG,GT,GT,GC,GG,TC,CT,AT,TA,AT,AG,CC,CC,AC,GA,CA,GC,GG,CT,AA,AA,GA,TT,GG,CT,TC,TT,GA,CC,CT,TG,CC,TC,CC,CT,AC,AG,GC,CC,AA,TT,CC,GG,AG,CT,TG,CG,TT,CC,TT,GG,GC,GA,CT,AA,AA,GC,AA,CG,GG,GG,CA,GA,GG,AC,CG,TG,GT,GC,TT,AA,TT,AT,TT,CC,AC,TA,AA,AA,AT,AA,CA,AG,TT,TA,GG,TA,GG,CC,TT,TT,CC,GA,CC,AA,CG,TA,AG,AT,AA,GG,AA,TT,TT,GC,GG,CA,AA,CC,CC,AC,AG,GG,GT,CC,GG,TT,TT,GG,TT,CT,CT,CC,GT,TT,GG,GT
141,CC,CG,TT,GG,GC,TT,GC,??,AT,CG,TT,GG,GT,GC,CA,TT,GG,AA,TT,CA,AA,CC,AA,AA,CC,AA,TT,GA,AG,TT,GA,CC,CC,??,TT,TT,GG,CC,CC,CC,AG,CC,AA,TG,TA,AC,CC,CC,AA,CC,GG,CG,CG,TT,AA,AA,AA,GG,GG,GC,GG,CC,CG,AT,AA,GG,GT,GG,TT,TT,CC,AT,AA,TT,AA,TT,CC,AA,GG,CA,CC,GG,CT,GA,CC,GG,TT,GC,TT,CC,TA,GG,GG,CT,TG,CA,TC,CC,CT,AC,AA,GG,CC,CA,TT,CC,AA,GG,CC,TT,CC,GG,AA,CC,GG,CC,GG,CT,AG,AG,CC,AC,CC,CC,TG,CC,GG,GG,AC,GG,TT,TT,??,CC,AA,AA,AT,TG,TC,AC,AA,AA,AA,AA,AA,CC,AA,TG,TT,AG,TT,TT,GC,AT,CC,CC,GG,CC,TT,CG,TT,AG,TT,TA,GG,AA,TT,CT,GG,GG,CC,GG,CT,TT,AA,AA,GG,GT,CC,CG,AT,TT,CC,AA,TT,CT,TC,GG,TT,CC,GG
142,CG,CG,TA,TT,GC,TC,GG,GG,AA,CG,TT,GT,GG,GC,CA,GG,GG,AA,TA,CA,AA,CT,AT,AA,CG,CC,TA,GA,AG,TC,GA,CC,TC,??,TT,CC,GG,CC,TT,CC,AG,CG,CC,GG,TT,AA,CT,AA,TA,TT,GA,CG,CC,TC,AA,TA,AG,GA,GG,CC,GA,CA,CG,TT,GG,TT,TT,GC,TG,TC,CC,AT,AA,TT,AG,TT,CA,AA,GG,CA,GC,GC,CC,GA,AA,GA,TG,GG,CT,CC,TA,GG,GG,CT,GG,CA,TC,TT,CT,AC,AA,GC,CC,CC,TT,CC,GG,AG,CT,TG,CC,TT,AA,CT,GG,CC,GG,TT,AG,AG,CC,AC,CG,CG,GG,CA,GA,GG,AA,GG,TG,GT,GC,CC,AA,TT,AA,TG,TC,AC,TA,AA,AA,AA,AA,CA,AG,TG,TA,AG,AA,TT,GC,AT,CT,CC,AA,CC,AA,GG,TA,AG,??,TA,CC,AA,TT,TT,GC,GG,CA,GA,CC,TC,AC,GG,GG,TT,CC,CG,AA,TA,CG,AT,CC,CT,TC,TT,TT,GG,TT
143,GG,CC,TT,GT,GC,TC,GG,GG,TT,CG,GG,TT,TT,GC,CA,TG,TT,AC,TA,CA,AA,CC,AA,CC,CG,AC,TT,GA,AG,TT,AA,CA,TC,TT,TT,TC,AA,CC,TT,AA,AG,CC,AC,TT,TA,AC,CT,CA,TT,CT,GG,GG,GG,TC,AA,TA,AA,GA,TT,GC,GG,CA,CG,AT,AG,GT,GT,GG,TG,TT,TT,AT,AA,AA,AG,CC,CC,CC,AA,AA,GG,GG,CT,GA,AA,GG,TG,GC,CT,TT,AA,GG,CC,CT,TG,AA,CC,TC,CC,AC,GG,GG,GG,CC,TT,AA,AG,AG,CC,TT,CC,TT,AA,CT,GT,GG,GG,CT,AG,GG,GG,CC,CC,GG,TT,CA,GA,TT,AA,CC,TG,GT,GG,TT,CC,AA,AA,TG,TT,AC,TA,AA,CC,TT,GG,CA,AG,TG,TA,AG,TT,TT,GC,AT,TT,TT,GA,CG,TA,CG,TA,AG,AT,AA,GG,AA,TT,TT,GG,GG,CC,GA,CT,CC,AA,AG,AA,GT,CC,CG,AT,TT,CG,TT,CT,CT,TC,GT,AA,CC,GT
144,GG,CC,TA,GT,GC,TC,GC,GG,TT,CG,TG,TT,GG,GC,CA,TG,GT,AC,TT,CA,CC,CT,AA,AC,CG,AC,AA,GA,AA,TC,GG,CA,TT,TT,CC,TC,GA,CA,CC,CA,AG,GG,AC,TG,TA,AC,CT,CA,TT,CT,AA,CC,CG,TC,AA,TA,AG,GG,GT,GG,GA,CC,CG,AA,GG,GT,GT,GC,GG,TC,CT,AT,TA,AT,AA,CC,CA,AC,GA,CC,GG,GC,CC,GA,CC,GA,TG,GC,CC,TC,TT,GA,CC,CT,TG,CC,TT,TC,CC,AC,AG,GC,CG,CA,TT,CA,AG,AG,CT,TG,CG,GG,AC,CT,GT,CC,AA,CT,AG,AA,GG,AA,CG,GG,TG,CA,GA,GT,AC,CG,TT,GT,CC,TT,AC,TA,AT,TG,TC,AC,TT,AA,AC,AT,AG,CC,AG,TG,TT,AG,TA,TG,GC,AA,CC,CT,GA,CG,TA,CC,TA,AG,AA,TT,GG,AA,TT,TT,GC,TT,CA,GA,CC,CC,AC,AG,GA,GT,CC,CC,TT,TA,CG,TT,CC,CC,TC,GT,TA,CC,GT
145,CG,CG,AA,GT,GC,CC,CC,GG,AT,CG,TG,GG,TT,GC,CA,TG,GT,CC,TT,CA,AC,TT,AT,AA,CG,AC,TT,GG,GG,TC,GA,CA,TC,TT,TT,TC,GG,AA,TT,CA,AG,CG,CC,TG,TT,CC,CC,AA,TA,CT,GG,CG,CG,TC,AA,TT,AG,GG,GG,CC,GA,CC,CG,TT,??,GT,GT,GC,TG,CC,CT,AT,TA,AT,AA,TC,CA,AC,GA,AA,GC,CC,CT,GA,AA,AA,TT,CC,CT,TC,AA,GA,CC,CT,TG,CA,TC,TT,CT,AC,AG,GC,CC,AA,TT,CC,AG,AA,TT,GG,CG,TT,CC,CT,GT,GG,GG,CT,AG,AG,GG,AC,GG,CC,TG,AA,AA,GG,CC,CC,TT,GG,GG,CT,AC,TA,AT,TG,CC,CC,AA,AA,AA,AT,AA,CA,AG,TG,TT,GG,AA,GG,GC,AT,TT,CC,AA,GG,TA,GG,TT,AG,AT,TA,GG,AA,TT,TT,GC,GG,CA,AA,CT,TT,CC,GG,GG,GT,CC,CG,AT,TA,CG,AA,TT,CT,TT,TT,TT,CG,??
146,CC,CG,AA,TT,GC,TT,CC,GG,TT,GG,GG,GT,GT,GC,CA,TG,TT,AA,TA,AA,CC,CC,TT,CC,CG,AA,AA,GG,AG,TT,GG,AA,CC,TG,TT,TT,AA,CC,CC,CA,AG,CC,AC,TG,TA,AA,CT,CA,AA,CT,AA,CC,??,TC,CA,AA,AA,AA,GG,GG,GA,CA,GG,AT,AG,GG,GG,GC,GG,CC,CC,TT,TA,AA,AG,TC,CA,AA,GG,CA,GG,GG,TT,GA,CA,GA,TT,CC,CC,TC,TA,GA,GG,CC,GG,CA,CC,CC,TT,AA,AG,GG,CG,AA,AA,CC,AA,AA,CT,TG,CC,GG,CC,CT,TT,GG,GA,TT,AG,AA,GG,AC,GG,CG,TG,CA,GA,GT,CC,GG,TG,GG,??,CC,CC,TT,AA,TT,TC,AA,TA,CA,AC,TT,AA,CA,AG,GG,TA,AG,TA,GG,GC,AT,CC,CC,AA,CG,AA,GG,AA,AA,AT,AA,CG,AA,TT,TT,GG,GT,CC,GG,TT,TT,CC,AG,GG,GG,CC,CC,AT,TA,CC,AT,CC,CT,CC,GT,TT,CC,GG
147,CG,CG,TA,GT,CC,TC,GG,AG,AT,GG,TG,TT,GT,CC,AA,TG,GT,AC,TA,CA,AC,CT,AT,AC,CC,AA,TA,GG,AG,TC,GG,CA,TC,TT,TC,CC,GA,CA,CC,CA,AG,CG,AA,TT,TT,AA,CT,AA,TA,CC,GA,CC,CG,TT,AA,TA,AA,GA,GT,GC,GA,CA,GG,AT,AA,TT,GG,GC,GG,TC,CT,TT,TA,AA,AG,TC,CA,AC,GA,CA,GC,GC,TT,AA,CC,GA,TG,GG,CT,TT,TA,GA,CC,CT,TT,CA,TT,TC,CT,CC,AG,GC,CG,CA,TT,CA,AG,AG,CC,TT,CG,GG,AC,CT,GT,GC,GA,CC,AG,AA,GG,AA,CG,GG,TT,AA,GA,GT,AA,CG,TG,GT,GG,CT,AC,TA,AA,TG,TC,AC,AA,AA,AC,AT,AG,CA,AA,TG,TA,AG,TT,TG,CC,AT,CC,CT,GG,CG,TA,CG,TA,AA,AT,TT,GG,AA,TT,TT,GC,GG,CA,GA,TT,TC,AC,GG,GA,GG,CC,CG,AT,TA,CG,TT,CT,CT,CC,TT,TA,CC,GG
148,CC,CC,TA,GG,GG,TC,GC,GG,AA,CG,TT,GT,GT,GC,CC,TG,GG,AA,TA,CA,AC,CT,TT,AC,CC,AC,TA,AA,AA,TC,GA,CC,TC,TT,TC,TC,GA,CA,CT,CC,AG,CG,AA,TT,TA,AC,CT,CA,TT,CC,GA,CC,CG,TT,AA,AA,AA,GA,TT,GC,GA,CA,CC,AT,AG,GT,GT,GC,TT,CC,CC,AA,TA,AT,AG,TT,CA,AA,GG,CA,GG,GC,TT,GG,CA,AA,TG,GC,CC,TC,TA,GA,GG,CT,TT,CC,TC,TT,CC,AA,AA,GC,GG,CA,TT,CA,AA,GG,CT,TG,CG,GT,AC,CT,GT,GC,GA,CC,AG,AA,GC,AA,GG,CG,TT,CA,GA,GT,AC,CG,TG,GG,GC,CC,AC,TA,AT,TG,TC,AC,TT,AA,AC,AA,GG,AA,AA,TG,TA,AG,TT,TG,GG,AA,CT,TT,GG,CC,TT,CG,TA,AG,AA,TA,GG,AA,TT,TT,CC,GG,AA,GA,TT,TC,CC,AG,GA,GT,CC,CG,AA,TA,CG,AT,CT,TT,TC,GT,AA,CC,GG
149,CG,CC,TA,TT,CC,TC,CC,GG,TT,GG,GG,GT,TT,GC,AA,GG,TT,CC,TA,AA,AA,CT,AT,CC,CC,AC,TA,GG,AA,CC,GA,AA,TC,TT,TC,TC,GA,CA,CT,AA,AG,CC,??,TG,TA,AC,TT,CA,TA,TT,GA,CG,GG,TC,AA,TT,AG,GA,GT,GG,AA,CA,GG,AA,AA,??,GG,GG,TG,TT,TT,TT,AA,AT,AG,CC,CA,CC,AA,AA,GC,GC,CT,AA,CA,GG,TG,GC,TT,TC,AA,AA,CC,CT,TT,CA,TC,TC,CC,CC,GG,CC,CG,AA,TT,CA,GG,AA,TT,GG,GG,GT,AC,TT,GT,GC,GG,CC,AG,AG,GG,AC,CG,CG,TG,CA,GA,GT,CC,CG,TG,GT,CC,TT,CC,TA,TT,TG,CC,AC,AA,AA,CC,TT,AG,CA,AA,TG,TA,GG,TT,TG,CC,AA,CT,CT,??,GG,AA,CC,AA,AA,AT,TA,GG,AA,TT,TT,GG,GG,CA,GA,CT,TC,AA,AG,GA,GG,CC,CC,TT,TA,GG,AT,CT,CT,TC,GT,TA,CG,GG
150,CC,CG,TT,GT,CC,CC,GC,??,AA,CG,TG,GT,GT,GC,AA,TG,GT,AC,TA,AA,CC,CC,AA,AC,CC,AA,TT,GA,AA,TC,AA,CA,TC,TT,TC,CC,GA,AA,TT,CA,AA,GG,AC,GG,TA,AC,CT,CA,TA,CT,GG,GG,CC,TT,AA,AA,AA,GA,GT,GG,GA,CA,GG,AA,AG,TT,GG,GC,TG,TT,TT,TT,AA,AA,AG,TT,CC,AC,GA,CA,GC,GG,CT,GA,AA,GG,TG,GC,CC,TT,TA,GA,CC,TT,TT,CA,CC,TC,CT,CC,AG,GC,CC,AA,TT,CA,AG,GG,TT,GG,GG,TT,CC,CT,GT,GG,AA,CC,AA,GG,GC,CC,CC,CG,TG,CA,AA,GT,AC,CG,TG,TT,GC,CC,AA,TA,AA,TT,CC,AA,TT,AA,AC,AT,AA,AA,AA,TT,TA,AG,TA,GG,CC,AT,TT,CC,GA,CG,TA,CC,TA,AA,AT,AA,GG,AA,TT,CC,GC,GG,CA,GG,CC,TC,AA,AG,GA,GG,CC,CC,AA,TT,CG,AT,CT,TT,TC,GT,TT,CG,GT
151,CG,CG,TT,GG,GG,TC,GC,GG,AT,CG,TG,GT,GG,GG,CC,TT,GT,CC,AA,AA,AC,CC,AT,AC,GG,AC,TT,GG,GG,TC,GA,CA,CC,??,TC,TC,GA,CA,CT,CA,AA,CG,AA,GG,TA,AC,TT,CA,TA,CC,GG,CG,??,TT,AA,TT,AA,GA,GT,CC,GA,CA,CC,TT,AG,GT,GG,GC,TG,TC,CT,AA,AA,AT,AG,TC,CC,AC,GA,CC,GC,GG,CT,GG,CA,GG,GG,GC,CT,CC,TT,GA,CC,TT,GG,CC,CC,TC,CT,AA,AG,GC,CG,CC,TT,CA,AA,??,CT,TG,CG,GT,CC,??,TT,GC,GA,TT,AA,AG,CC,AC,CG,CG,GG,CA,GA,GT,AC,GG,GG,GT,GC,CT,AC,TT,AT,TT,TT,CC,TT,AA,AC,AT,AG,CA,GG,TT,AA,AA,TT,GG,GC,AT,CT,CT,GG,CG,TT,GG,AA,AA,AT,AA,GG,AA,TT,TT,GC,GG,CA,AA,CT,TC,AC,AG,GA,GG,CC,GG,AT,TT,CC,AT,CC,CT,TC,GT,TA,CG,GG
152,??,GG,TT,GG,GC,TC,GC,GG,AT,GG,TG,??,GT,CC,CA,TT,GT,AA,TT,CC,AC,TT,AA,AA,CG,CC,TA,GA,AA,CC,GA,CC,TT,??,TC,TC,GG,AA,TT,CA,GG,CG,AA,TT,TA,AC,CT,CA,TA,??,GA,CG,CG,CC,AA,TA,??,GA,GG,??,AA,CA,CG,AT,AG,GT,??,GC,TG,TT,CT,AT,TA,TT,AG,TC,CA,AC,GG,CA,GC,GC,CC,??,AA,GG,TG,GC,CT,CC,TA,AA,CC,CC,TG,CA,TC,TT,TT,AC,AG,CC,CC,AA,TT,CC,AA,AG,CT,TG,GG,TT,CC,CT,GT,GC,GA,CT,AG,AG,CC,AC,CC,CG,??,CA,GA,GG,AC,GG,TT,GT,GC,CT,??,TA,AT,GG,CC,AC,TA,AA,AA,AT,AA,CC,AG,GG,TT,AG,TA,GG,GC,TT,TT,CC,GG,CC,??,CG,TA,??,AT,AA,GG,AA,TT,TT,GC,GG,AA,AA,CT,TC,??,AG,GG,??,CC,CG,AA,AA,CG,??,TT,CT,CC,GT,TT,CG,GG
157,CC,CG,AA,GT,GG,TT,GG,??,AT,??,TG,GT,TT,GG,CC,TG,??,AC,??,AA,??,TT,AA,AC,CG,AC,??,GG,AG,TC,GG,AA,CC,??,??,TC,GA,CA,TT,CA,AG,CG,AC,TG,??,AA,??,CA,TA,CT,GG,CC,GG,CC,AA,TA,AG,GG,GT,GG,GA,CC,CC,AA,AA,GT,GT,CC,GG,CC,??,AA,AA,??,AA,??,CA,AC,GA,AA,GC,CC,TT,GG,CA,??,??,GG,CT,??,AA,AA,CC,TT,TG,CC,CC,TC,??,AC,??,??,CG,??,??,??,AG,??,CC,TT,??,GT,AC,TT,??,GC,GA,CT,??,??,GC,AA,??,GG,TG,??,GG,GT,AA,CG,TT,GT,GC,CT,AC,AA,AT,TG,CC,CC,TA,CA,AC,TT,AG,??,AG,TG,TT,GG,??,TG,??,??,??,??,GA,GG,TA,??,??,GG,AT,AA,GG,AA,TT,TT,GC,GG,CA,GA,TT,??,CC,AG,GA,??,??,CC,AT,AA,??,TT,TT,??,TC,GT,TA,CG,GT
170,CG,CC,TA,TT,CC,TT,GG,GG,TT,CG,GG,GT,??,GC,AA,GG,TT,CC,TA,AA,AC,CT,TT,AA,CC,AC,??,AA,AA,??,AA,AA,??,??,??,??,GG,CA,CT,AA,GG,CG,CC,TT,??,AA,CC,CC,TT,TT,GG,GG,CC,TT,AA,AA,AA,??,GG,GG,AA,CA,CG,AA,AA,GG,TT,CC,??,TC,TT,TT,??,AA,??,??,CA,??,AA,??,??,??,CT,GA,CA,GA,TT,GG,CC,TT,AA,AA,??,CT,TT,AA,CC,CC,CC,CC,??,??,CC,??,??,CC,GG,GG,CC,TT,??,GT,??,TT,GG,??,??,CC,??,GG,GG,CC,CG,GG,??,??,GG,GG,AC,??,TG,??,GC,TT,AA,TT,AA,GG,CC,AC,TT,AA,AA,TT,AA,CA,AA,GG,TA,GG,??,TG,CC,??,TT,??,GG,GG,??,CC,TT,GG,AA,AA,??,AA,TT,TT,CC,??,AA,GA,CT,??,AC,??,GG,TT,CC,??,TT,TA,GG,AT,CC,CT,TC,GG,TT,CC,GG
171,CC,??,TA,GT,GC,??,CC,??,AT,CG,TG,GT,GG,GC,CA,??,GT,AC,TT,AA,??,CT,AT,AA,??,??,??,GA,??,??,GA,AA,??,??,TC,CC,GG,CC,CT,CA,??,GG,AA,GG,??,CC,CC,AA,TA,CC,AA,CG,CC,TT,??,TA,AA,GA,GG,CC,AA,CA,CG,TT,AG,TT,GT,CC,??,TC,CT,AT,??,AT,AG,TC,CA,AC,AA,??,GC,??,??,GA,??,GA,TT,CC,CT,TC,TT,??,??,TT,GG,CA,TC,TC,CT,AC,AG,CC,CC,CC,TT,CC,AA,??,??,GG,??,GT,??,CT,??,CC,AA,??,AG,AG,??,AC,CG,??,GG,??,AA,GG,AC,CG,TT,??,??,CT,AA,TT,TT,TG,??,AC,TA,AA,AA,TT,??,AA,GG,TG,TT,AG,??,TG,??,??,??,??,??,??,TA,??,TT,AG,??,TA,GG,AA,TT,TT,??,??,AA,GA,??,TT,AC,??,GG,??,??,GG,AT,??,CG,AT,CC,TT,TC,TT,TT,GG,GT
181,CG,CC,??,TT,GG,TC,GC,GG,AT,??,TG,??,??,GG,CC,TG,GT,AC,TT,CA,??,CT,??,AA,CC,??,??,GA,AA,??,GA,CA,TC,??,??,??,GG,CA,CT,CA,??,GG,AC,TG,TA,AC,??,CA,TA,TT,GA,GG,CG,??,AA,TA,??,GG,GG,GG,GA,CC,CG,AA,??,GT,GT,GC,??,TC,CT,AA,TA,TT,??,??,CA,??,GA,AA,??,GC,CC,GG,CC,GA,TT,GC,CT,CC,AA,AA,CC,CT,TT,AA,TC,TC,CC,AA,??,??,CC,??,??,??,GG,AG,CT,TG,??,??,AC,CT,GG,GC,AA,CC,??,??,??,AC,??,CG,??,CA,GA,GT,??,GG,TT,TT,GC,CT,AC,TA,AT,TG,TC,AA,TA,AA,AC,AT,AA,AA,AA,TG,TT,AG,TT,??,??,??,CT,CC,GA,CG,??,CC,??,AG,AT,TA,GG,AA,TT,TT,GC,??,CA,GG,CC,??,AC,AG,GG,GT,CC,??,AT,TA,CG,AT,??,CT,TC,GT,TT,CG,GT
184,GG,??,TA,GT,??,TC,GC,GG,TT,??,TG,TT,??,GC,CA,??,GT,AC,??,CA,CC,CT,??,AC,CC,AC,TT,AA,GG,CC,AA,CA,TT,TT,CC,TT,GA,CA,CT,CA,AG,GG,AC,TT,TT,AA,TT,CC,TA,CT,GG,GG,??,??,AA,AA,??,AA,GT,GC,AA,AA,CC,AA,GG,GG,TT,CC,TG,TC,CT,AA,??,AT,GG,CC,CA,AC,GA,AA,GC,GC,??,GG,CA,AA,TT,GG,CT,TC,AA,GA,CC,CC,TT,AA,TC,CC,CT,AA,AG,??,CC,??,??,??,AG,GG,??,TG,??,GT,??,CT,GG,GC,AA,??,AG,GG,GC,??,CG,GG,TT,CC,GA,GT,AC,GG,GG,TT,GC,CT,AC,TT,AT,TG,TC,AA,TT,AA,AC,TT,AG,AA,AA,TG,AA,AG,AA,??,GG,??,CT,CT,AA,??,TA,??,AA,GG,??,TA,GG,AA,TT,TT,??,??,AA,GG,CC,CC,AC,AA,GA,GT,CC,CG,TT,TA,CG,TT,CC,CT,CC,GG,TA,CC,??
